Time,Thrust,Mass,Accel,Vel,Alt,
0,0,0,0,0,0
0.01,0.4521428571428572,0.07794565217391304,0.0,0.0,0.0,
0.02,1.0830000000000002,0.07789130434782608,4.103991068936647,0.04103991068936647,4.1039910689366475E-4,
0.03,1.6493902439024388,0.07783695652173914,11.390317075565031,0.15494308144501678,0.0019598299213438326,
0.04,1.9403658536585364,0.07778260869565218,15.145928152390903,0.3064023629689258,0.005023853551033091,
0.05,2.2313414634146342,0.07772826086956522,18.90662582642581,0.4954686212331839,0.00997853976336493,
0.060000000000000005,2.5223170731707314,0.07767391304347826,22.672301897308348,0.7221916402062674,0.017200456165427605,
0.07,2.9519375,0.0776195652173913,28.229027750877474,1.0044819177150421,0.027245275342578028,
0.08,3.7050625,0.07756521739130434,37.96354720016145,1.3841173897166565,0.041086449239744596,
0.09,4.458187499999999,0.0775108695652174,47.710255989139796,1.8612199496080546,0.059698648735825144,
0.09999999999999999,5.21378431372549,0.07745652173913044,57.50031712340315,2.436223120842086,0.084060879944246,
0.10999999999999999,5.991627450980391,0.07740217391304348,67.5883182190655,3.112106303032741,0.11518194297457342,
0.11999999999999998,6.769470588235293,0.07734782608695652,77.68602887394655,3.8889665917722063,0.1540716088922955,
0.12999999999999998,7.547313725490195,0.07729347826086956,87.79203718073181,4.766886963579524,0.20174047852809074,
0.13999999999999999,8.325156862745096,0.07723913043478262,97.90471184559179,5.745934082035442,0.25919981934844516,
0.15,9.103,0.07718478260869566,108.02220132961301,6.826156095331572,0.32746138030176086,
0.16,9.818757575757576,0.0771304347826087,117.33749078887591,7.999531003220332,0.4074566903339642,
0.17,10.534515151515153,0.07707608695652174,126.65254555032168,9.266056458723549,0.5001172549211996,
0.18000000000000002,11.25027272727273,0.07702173913043478,135.9650657761851,10.6257071164854,0.6063743260860537,
0.19000000000000003,11.514583333333334,0.07696739130434782,139.40713285587995,12.0197784450442,0.7265721105364957,
0.20000000000000004,11.585416666666667,0.07691304347826088,140.32264737959653,13.423004918840165,0.8608021597248974,
0.21000000000000005,11.573999999999998,0.07685869565217392,140.15479084769717,14.824552827317138,1.0090476879980688,
0.22000000000000006,11.274395348837203,0.07680434782608696,136.2207913478954,16.186760740796093,1.1709152954060298,
0.23000000000000007,10.108348837209295,0.07675,120.98274283040121,17.396588169100106,1.3448811770970308,
0.24000000000000007,8.942302325581387,0.07669565217391304,105.72878899806923,18.453876059080798,1.5294199376878388,
0.25000000000000006,7.776255813953483,0.07664130434782608,90.46281502769925,19.35850420935779,1.7230049797814166,
0.26000000000000006,6.610209302325575,0.07658695652173914,75.18822405720302,20.11038644992982,1.9241088442807148,
0.2700000000000001,6.223422535211267,0.07653260869565218,70.0899951563557,20.811286401493376,2.1322217082956487,
0.2800000000000001,6.0314507042253505,0.07647826086956522,67.5353609518694,21.48664001101207,2.3470881084057695,
0.2900000000000001,5.839478873239435,0.07642391304347826,64.97750918934591,22.13641510290553,2.568452259434825,
0.3000000000000001,5.64750704225352,0.0763695652173913,62.41680426617979,22.760583145567328,2.796058090890498,
0.3100000000000001,5.455535211267604,0.07631521739130434,59.85359768998602,23.359119122467188,3.02964928211517,
0.3200000000000001,5.263563380281688,0.0762608695652174,57.28822791785834,23.93200140164577,3.2689692961316275,
0.3300000000000001,5.071591549295773,0.07620652173913044,54.721020208598034,24.479211603731752,3.513761412168945,
0.34000000000000014,5.099312500000002,0.07615217391304348,55.03720454567697,25.02958364918852,3.76405724866083,
0.35000000000000014,5.197674418604649,0.07609782608695652,56.279451960349725,25.592378168792017,4.01998103034875,
0.36000000000000015,5.084418604651161,0.07604347826086956,54.73622170704906,26.139740385862506,4.281378434207375,
0.37000000000000016,4.971162790697672,0.07598913043478261,53.191408172143774,26.671654467583945,4.548094978883214,
0.38000000000000017,4.857906976744184,0.07593478260869566,51.64519126595542,27.1881063802435,4.819976042685649,
0.3900000000000002,4.744651162790696,0.0758804347826087,50.09774618209938,27.689083842064495,5.096866881106294,
0.4000000000000002,4.726722891566266,0.07582608695652174,49.80642997027185,28.187148141767214,5.378738362523967,
0.4100000000000002,4.732626506024097,0.07577173913043478,49.828022432630675,28.68542836609352,5.665592646184902,
0.4200000000000002,4.738530120481928,0.07571739130434782,49.84784079138711,29.183906774007394,5.957431713924976,
0.4300000000000002,4.74443373493976,0.07566304347826087,49.8658829674334,29.682565603681727,6.254257369961793,
0.4400000000000002,4.750337349397591,0.07560869565217392,49.88214713783303,30.18138707506006,6.556071240712393,
0.45000000000000023,4.756240963855422,0.07555434782608696,49.89663173673973,30.680353392427456,6.862874774636668,
0.46000000000000024,4.762144578313253,0.0755,49.90933545623879,31.179446746989843,7.1746692421065665,
0.47000000000000025,4.768048192771085,0.07544565217391304,49.92025724710976,31.67864931946094,7.491455735301176,
0.48000000000000026,4.770297752808989,0.07539130434782608,49.880928469649746,32.17745860415744,7.8132303213427505,
0.49000000000000027,4.768893258426966,0.07533695652173913,49.79135544889798,32.67537215864642,8.139984042929214,
0.5000000000000002,4.767488764044944,0.07528260869565218,49.700089516126496,33.17237305380768,8.47170777346729,
0.5100000000000002,4.7660842696629215,0.07522826086956522,49.60714100266607,33.66844446383434,8.808392218105634,
0.5200000000000002,4.764679775280899,0.07517391304347826,49.51252047135293,34.16356966854787,9.150027914791114,
0.5300000000000002,4.763275280898877,0.0751195652173913,49.41623871369468,34.65773205568482,9.496605235347962,
0.5400000000000003,4.761870786516854,0.07506521739130435,49.31830674697102,35.150915123154526,9.848114386579507,
0.5500000000000003,4.760466292134832,0.0750108695652174,49.21873581127037,35.64310248126723,10.204545411392179,
0.5600000000000003,4.759061797752809,0.07495652173913044,49.11753736646389,36.13427785493187,10.565888189941496,
0.5700000000000003,4.757657303370786,0.07490217391304348,49.01472308911865,36.624425085823056,10.932132440799727,
0.5800000000000003,4.756252808988764,0.07484782608695652,48.91030486935089,37.113528134516564,11.303267722144893,
0.5900000000000003,4.7548483146067415,0.07479347826086956,48.80429480762137,37.60157108259278,11.679283432970822,
0.6000000000000003,4.753443820224719,0.07473913043478261,48.69670521147409,38.08853813470752,12.060168814317898,
0.6100000000000003,4.752039325842697,0.07468478260869565,48.58754859222006,38.57441362062972,12.445912950524194,
0.6200000000000003,4.750634831460674,0.0746304347826087,48.47683766156751,39.059181997245396,12.836504770496648,
0.6300000000000003,4.749230337078652,0.07457608695652174,48.36458532820047,39.5428278505274,13.231933049001922,
0.6400000000000003,4.7478258426966296,0.07452173913043478,48.25080469430706,40.02533589747047,13.632186407976628,
0.6500000000000004,4.746421348314607,0.07446739130434782,48.135509052059206,40.506690987991064,14.037253317856539,
0.6600000000000004,4.744034615384615,0.07441304347826087,48.00551206315791,40.98674610862264,14.447120778942766,
0.6700000000000004,4.7412269230769235,0.07435869565217391,47.8683859570928,41.46542996819357,14.861775078624701,
0.6800000000000004,4.738419230769231,0.07430434782608696,47.729815885646026,41.94272812705003,15.281202359895202,
0.6900000000000004,4.735611538461539,0.07425,47.58981778637442,42.41862630491378,15.70538862294434,
0.7000000000000004,4.732803846153846,0.07419565217391304,47.44840775262517,42.89311038244003,16.13431972676874,
0.7100000000000004,4.729996153846154,0.07414130434782609,47.30560202924707,43.366166402732496,16.567981390796067,
0.7200000000000004,4.727188461538462,0.07408695652173913,47.16141700827465,43.83778057281524,17.00635919652422,
0.7300000000000004,4.72438076923077,0.07403260869565217,47.015869224587604,44.307939265061115,17.44943858917483,
0.7400000000000004,4.721573076923077,0.07397826086956522,46.86897535154737,44.77662901857659,17.897204879360594,
0.7500000000000004,4.718765384615385,0.07392391304347826,46.72075219661272,45.243836540542716,18.34964324476602,
0.7600000000000005,4.7159576923076925,0.0738695652173913,46.57121669693648,45.709548707512084,18.806738731841143,
0.7700000000000005,4.71315,0.07381521739130435,46.420385914945335,46.17375256666154,19.268476257507757,
0.7800000000000005,4.710342307692308,0.0737608695652174,46.2682770339046,46.636435337000584,19.734840610877765,
0.7900000000000005,4.707534615384615,0.07370652173913043,46.114907353469974,47.09758441053528,20.20581645498312,
0.8000000000000005,4.704726923076923,0.07365217391304348,45.96029428522826,47.55718735338757,20.681388328516995,
0.8100000000000005,4.701919230769231,0.07359782608695652,45.80445534822893,48.01523190686986,21.161540647585692,
0.8200000000000005,4.699111538461539,0.07354347826086956,45.64740816450859,48.47170598851494,21.64625770747084,
0.8300000000000005,4.696303846153846,0.07348913043478261,45.48917045461005,48.92659769306104,22.135523684401452,
0.8400000000000005,4.693496153846154,0.07343478260869565,45.329760033098225,49.379895293392025,22.629322637335374,
0.8500000000000005,4.690688461538461,0.0733804347826087,45.169194804074394,49.83158724143277,23.1276385097497,
0.8600000000000005,4.68788076923077,0.07332608695652174,45.0074927566911,50.28166216899968,23.6304551314397,
0.8700000000000006,4.685073076923077,0.07327173913043478,44.84467196066921,50.730108888606374,24.137756220325763,
0.8800000000000006,4.682265384615385,0.07321739130434782,44.68075056181925,51.17691639422457,24.64952538426801,
0.8900000000000006,4.679457692307692,0.07316304347826087,44.51574677756865,51.622073862000256,25.165746122888013,
0.9000000000000006,4.6766499999999995,0.07310869565217391,44.349678892496954,52.065570650925224,25.686401829397266,
0.9100000000000006,4.673842307692308,0.07305434782608695,44.18256525388047,52.50739630346403,26.211475792431905,
0.9200000000000006,4.672258278145695,0.073,44.031186770824846,52.94770817117227,26.740952874143627,
0.9300000000000006,4.671198675496688,0.07294565217391304,43.885948123260924,53.386567652404885,27.274818550667675,
0.9400000000000006,4.670139072847682,0.07289130434782609,43.73965935157531,53.823964245920635,27.81305819312688,
0.9500000000000006,4.6690794701986755,0.07283695652173913,43.592336822048026,54.259887614141114,28.355657069268293,
0.9600000000000006,4.668019867549669,0.07278260869565217,43.44399696947135,54.69432758383583,28.902600345106652,
0.9700000000000006,4.666960264900662,0.07272826086956521,43.29465629323287,55.12727414676816,29.453873086574333,
0.9800000000000006,4.665900662251656,0.07267391304347826,43.144331353404866,55.558717460302205,30.009460261177356,
0.9900000000000007,4.664841059602649,0.0726195652173913,42.9930387668415,55.98864784797062,30.569346739657064,
1.0000000000000007,4.663781456953642,0.07256521739130435,42.840795203285495,56.417055800003475,31.1335172976571,
1.0100000000000007,4.662721854304635,0.07251086956521739,42.68761738148549,56.84393197381833,31.701956617395282,
1.0200000000000007,4.661662251655629,0.07245652173913043,42.53352206532576,57.26926719447159,32.27464928934,
1.0300000000000007,4.660602649006623,0.07240217391304347,42.37852605996974,57.69305245507129,32.85157981389071,
1.0400000000000007,4.659543046357616,0.07234782608695652,42.22264620801866,58.11527891715148,33.43273260306222,
1.0500000000000007,4.658483443708609,0.07229347826086957,42.065899385686805,58.53593791100835,34.0180919821723,
1.0600000000000007,4.657423841059603,0.07223913043478261,41.90830249899486,58.9550209359983,34.607642191532285,
1.0700000000000007,4.656364238410596,0.07218478260869565,41.749872479982244,59.37251966079812,35.20136738814027,
1.0800000000000007,4.655304635761589,0.0721304347826087,41.590626282940676,59.78842592362753,35.79925164737654,
1.0900000000000007,4.654245033112582,0.07207608695652173,41.43058088066922,60.20273173243422,36.401278964700886,
1.1000000000000008,4.6531854304635765,0.07202173913043478,41.26975326075294,60.615429265041755,37.0074332573513,
1.1100000000000008,4.65212582781457,0.07196739130434783,41.108160421866,61.02651086926041,37.6176983660439,
1.1200000000000008,4.651066225165563,0.07191304347826087,40.94581937010062,61.43596906296142,38.232058056673516,
1.1300000000000008,4.650006622516556,0.07185869565217391,40.782747115323055,61.84379653411465,38.85049602201466,
1.1400000000000008,4.64894701986755,0.07180434782608695,40.61896066755772,62.24998614079023,39.47299588342256,
1.1500000000000008,4.647887417218543,0.07175,40.454477033400764,62.65453091112423,40.099541192533806,
1.1600000000000008,4.646827814569536,0.07169565217391304,40.28931321246425,63.05742404324887,40.730115432966294,
1.1700000000000008,4.6457682119205295,0.07164130434782609,40.12348619385179,63.45865890518739,41.364702022018164,
1.1800000000000008,4.6447086092715235,0.07158695652173913,39.95701295266703,63.858229034714064,42.0032843123653,
1.1900000000000008,4.643649006622517,0.07153260869565217,39.78991044655585,64.25612813917962,42.6458455937571,
1.2000000000000008,4.64258940397351,0.07147826086956521,39.62219561228345,64.65235009530245,43.292369094710125,
1.2100000000000009,4.641529801324503,0.07142391304347825,39.45388536234706,65.04688894892593,43.942837984199386,
1.2200000000000009,4.640470198675497,0.0713695652173913,39.284996581625634,65.43973891474218,44.597235373346805,
1.2300000000000009,4.63941059602649,0.07131521739130435,39.115546124067095,65.83089437598285,45.25554431710663,
1.2400000000000009,4.638350993377483,0.07126086956521739,38.94555080941427,66.220349884077,45.9177478159474,
1.2500000000000009,4.6372913907284765,0.07120652173913043,38.77502741997029,66.6081001582767,46.58382881753017,
1.260000000000001,4.636231788079471,0.07115217391304347,38.603992697404344,66.99414008525075,47.25377021838268,
1.270000000000001,4.635172185430464,0.07109782608695651,38.432463339598634,67.37846471864674,47.92755486556914,
1.280000000000001,4.634112582781457,0.07104347826086957,38.26045599753726,67.76106927862212,48.60516555835537,
1.290000000000001,4.63305298013245,0.07098913043478261,38.08798727223779,68.14194915134449,49.28658504986881,
1.300000000000001,4.631993377483443,0.07093478260869565,37.915073711726386,68.52109988846175,49.97179604875343,
1.310000000000001,4.630933774834437,0.07088043478260869,37.741731808056976,68.89851720654232,50.660781220818855,
1.320000000000001,4.62987417218543,0.07082608695652173,37.56797799437519,69.27419698648607,51.35352319068372,
1.330000000000001,4.628814569536424,0.07077173913043477,37.393828642028,69.64813527290636,52.05000454341278,
1.340000000000001,4.627754966887417,0.07071739130434783,37.21930005771912,70.02032827348356,52.750207826147616,
1.350000000000001,4.626695364238411,0.07066304347826087,37.04440848071128,70.39077235829068,53.454115549730524,
1.360000000000001,4.625635761589404,0.07060869565217391,36.86917008007548,70.75946405909143,54.161710190321436,
1.370000000000001,4.625,0.07055434782608695,36.69960825093805,71.1264601416008,54.87297479173744,
1.380000000000001,4.625,0.0705,36.53872633244122,71.49184740492521,55.58789326578669,
1.390000000000001,4.625,0.07044565217391305,36.37748673579296,71.85562227228314,56.30644948850952,
1.400000000000001,4.625,0.07039130434782609,36.21590428736355,72.21778131515678,57.02862730166109,
1.410000000000001,4.625,0.07033695652173913,36.0539937515644,72.57832125267242,57.75441051418781,
1.420000000000001,4.625,0.07028260869565217,35.89176982844589,72.93723895095688,58.48378290369738,
1.430000000000001,4.625,0.07022826086956521,35.72924715133683,73.29453142247026,59.21672821792208,
1.440000000000001,4.625,0.07017391304347825,35.56644028452576,73.65019582531552,59.95323017617524,
1.450000000000001,4.625,0.0701195652173913,35.40336372098463,74.00422946252537,60.693272470800494,
1.460000000000001,4.625,0.07006521739130435,35.240031880135014,74.35662978132672,61.43683876861376,
1.470000000000001,4.625,0.07001086956521739,35.0764591056574,74.70739437238329,62.183912712337595,
1.480000000000001,4.625,0.06995652173913043,34.912659663343725,75.05652096901673,62.93447792202776,
1.490000000000001,4.625,0.06990217391304347,34.74864773899339,75.40400744640667,63.688517996491825,
1.500000000000001,4.625,0.06984782608695651,34.58443743635329,75.7498518207702,64.44601651469952,
1.5100000000000011,4.625,0.06979347826086957,34.42004277510161,76.09405224852122,65.20695703718474,
1.5200000000000011,4.625,0.06973913043478261,34.25547768887617,76.43660702540998,65.97132310743883,
1.5300000000000011,4.625,0.06968478260869565,34.09075602334692,76.77751458564346,66.73909825329527,
1.5400000000000011,4.625,0.06963043478260869,33.925891534333246,77.1167735009868,67.51026598830514,
1.5500000000000012,4.625,0.06957608695652173,33.76089788596588,77.45438247984646,68.2848098131036,
1.5600000000000012,4.625,0.06952173913043477,33.59578864889379,77.7903403663354,69.06271321676697,
1.5700000000000012,4.625,0.06946739130434783,33.430577298535816,78.12464613932076,69.84395967816018,
1.5800000000000012,4.625,0.06941304347826087,33.26527721337749,78.45729891145453,70.62853266727473,
1.5900000000000012,4.625,0.06935869565217391,33.09990167331288,78.78829792818766,71.4164156465566,
1.6000000000000012,4.625,0.06930434782608695,32.93446385803137,79.11764256676797,72.20759207222429,
1.6100000000000012,4.630282608695654,0.06924999999999999,32.8452600035098,79.44609516680306,73.00205302389232,
1.6200000000000012,4.647891304347828,0.06919565217391305,32.93380434295891,79.77543321023265,73.79980735599464,
1.6300000000000012,4.665500000000002,0.06914130434782609,33.02115057058974,80.10564471593855,74.60086380315403,
1.6400000000000012,4.683108695652177,0.06908695652173913,33.10729714698882,80.43671768740845,75.40523098002811,
1.6500000000000012,4.70071739130435,0.06903260869565217,33.1922426456135,80.76864011386458,76.21291738116675,
1.6600000000000013,4.718326086956524,0.06897826086956521,33.275985753475936,81.10139997139933,77.02393138088074,
1.6700000000000013,4.735934782608698,0.06892391304347825,33.35852527179778,81.43498522411731,77.83828123312192,
1.6800000000000013,4.753543478260872,0.0688695652173913,33.439860116635245,81.76938382528367,78.65597507137475,
1.6900000000000013,4.771152173913046,0.06881521739130435,33.51998931947424,82.10458371847841,79.47702090855954,
1.7000000000000013,4.78876086956522,0.06876086956521739,33.59891202779545,82.44057283875637,80.3014266369471,
1.7100000000000013,4.806369565217394,0.06870652173913043,33.67662750560881,82.77733911381246,81.12920002808522,
1.7200000000000013,4.823978260869568,0.06865217391304347,33.75313513395741,83.11487046515204,81.96034873273675,
1.7300000000000013,4.841586956521741,0.06859782608695653,33.82843441139065,83.45315480926594,82.7948802808294,
1.7400000000000013,4.8591956521739155,0.06854347826086957,33.902524954406196,83.79218005881,83.63280208141751,
1.7500000000000013,4.86643347639485,0.06848913043478261,33.823982887056694,84.13041988768057,84.47410628029431,
1.7600000000000013,4.863300429184549,0.06843478260869565,33.59344335590993,84.46635432123968,85.3187698235067,
1.7700000000000014,4.860167381974249,0.06838043478260869,33.36321934882859,84.79998651472796,86.16676968865397,
1.7800000000000014,4.857034334763949,0.06832608695652173,33.13332770735234,85.13131979180149,87.01808288657199,
1.7900000000000014,4.853901287553648,0.06827173913043477,32.90378504659458,85.46035764226744,87.87268646299466,
1.8000000000000014,4.850768240343347,0.06821739130434783,32.674607754354795,85.78710371981099,88.73055750019277,
1.8100000000000014,4.847635193133047,0.06816304347826087,32.44581199031502,86.11156183971414,89.59167311858991,
1.8200000000000014,4.844502145922746,0.06810869565217391,32.21741368531867,86.43373597656733,90.45601047835558,
1.8300000000000014,4.8413690987124465,0.06805434782608695,31.989428540731204,86.75363026197465,91.32354678097532,
1.8400000000000014,4.838236051502146,0.06799999999999999,31.76187202788128,87.07124898225346,92.19425927079786,
1.8500000000000014,4.835103004291845,0.06794565217391305,31.534759387581417,87.38659657612928,93.06812523655915,
1.8600000000000014,4.831969957081545,0.06789130434782609,31.3081056297268,87.69967763242654,93.94512201288342,
1.8700000000000014,4.828836909871244,0.06783695652173913,31.08192553297144,88.01049688775626,94.82522698176098,
1.8800000000000014,4.825703862660943,0.06778260869565217,30.856233644479953,88.31905922420106,95.708417574003,
1.8900000000000015,4.822570815450644,0.06772826086956521,30.6310442797544,88.6253696669986,96.59467127067298,
1.9000000000000015,4.819437768240343,0.06767391304347825,30.406371522534542,88.92943338222393,97.48396560449521,
1.9100000000000015,4.8163047210300425,0.06761956521739129,30.1822292247703,89.23125567447164,98.37627816123992,
1.9200000000000015,4.813171673819742,0.06756521739130435,29.958631006665485,89.5308419845383,99.2715865810853,
1.9300000000000015,4.810038626609441,0.06751086956521739,29.735590256791248,89.82819788710621,100.16986855995637,
1.9400000000000015,4.8069055793991415,0.06745652173913043,29.513120132267925,90.12332908842889,101.07110185084066,
1.9500000000000015,4.803772532188841,0.06740217391304347,29.29123355901446,90.41624142401903,101.97526426508085,
1.9600000000000015,4.80063948497854,0.06734782608695652,29.069943232063455,90.70694085633967,102.88233367364425,
1.9700000000000015,4.79750643776824,0.06729347826086957,28.849261615941295,90.99543347249909,103.79228800836924,
1.9800000000000015,4.6186888888887525,0.0672391304347826,26.016369688472835,91.25559716938382,104.70484398006307,
1.9900000000000015,3.737133333333199,0.06718478260869565,12.739051981094349,91.38298768919476,105.61867385695503,
2.0000000000000013,2.8555777777776647,0.06713043478260869,-0.46370913061483515,91.37835059788861,106.53245736293391,
2.010000000000001,1.974022222222131,0.06707608695652173,-13.591906023006041,91.24243153765855,107.4448816783105,
2.020000000000001,1.0924666666665974,0.06702173913043478,-26.64594890461202,90.97597204861243,108.35464139879662,
2.0300000000000007,0.0,0.067,-42.760066785986496,90.54837138075257,109.26012511260414,
2.0400000000000005,0.0,0.067,-42.447564796982924,90.12389573278274,110.16136406993198,
2.0500000000000003,0.0,0.067,-42.13884175582878,89.70250731522445,111.05838914308423,
2.06,0.0,0.067,-41.83383726633436,89.28416894256111,111.95123083250984,
2.07,0.0,0.067,-41.53249213909725,88.86884402117013,112.83991927272153,
2.0799999999999996,0.0,0.067,-41.23474836264718,88.45649653754366,113.72448423809696,
2.0899999999999994,0.0,0.067,-40.94054907539376,88.04709104678972,114.60495514856485,
2.099999999999999,0.0,0.067,-40.6498385383513,87.6405926614062,115.48136107517891,
2.109999999999999,0.0,0.067,-40.36256210861631,87.23696704032004,116.35373074558211,
2.1199999999999988,0.0,0.067,-40.07866621357438,86.8361803781843,117.22209254936395,
2.1299999999999986,0.0,0.067,-39.7980983258129,86.43819939492617,118.08647454331322,
2.1399999999999983,0.0,0.067,-39.520806938718174,86.04299132553899,118.9469044565686,
2.149999999999998,0.0,0.067,-39.24674154273552,85.65052391011163,119.80340969566971,
2.159999999999998,0.0,0.067,-38.975852602271644,85.26076538408891,120.6560173495106,
2.1699999999999977,0.0,0.067,-38.708091533219665,84.87368446875672,121.50475419419817,
2.1799999999999975,0.0,0.067,-38.44341068108767,84.48925036194585,122.34964669781763,
2.1899999999999973,0.0,0.067,-38.18176329971219,84.10743272894872,123.19072102510712,
2.199999999999997,0.0,0.067,-37.92310353053899,83.72820169364333,124.02800304204355,
2.209999999999997,0.0,0.067,-37.66738638245368,83.35152782981879,124.86151832034174,
2.2199999999999966,0.0,0.067,-37.414567712145725,82.97738215269733,125.69129214186871,
2.2299999999999964,0.0,0.067,-37.16460420498979,82.60573611064743,126.5173495029752,
2.239999999999996,0.0,0.067,-36.917453356428574,82.23656157708314,127.33971511874603,
2.249999999999996,0.0,0.067,-36.67307345384266,81.86983084254472,128.15841342717147,
2.259999999999996,0.0,0.067,-36.431423558892426,81.5055166069558,128.97346859324102,
2.2699999999999956,0.0,0.067,-36.19246349031812,81.14359197205262,129.78490451296156,
2.2799999999999954,0.0,0.067,-35.956153807184734,80.78403043398077,130.59274481730137,
2.289999999999995,0.0,0.067,-35.72245579255836,80.42680587605518,131.39701287606192,
2.299999999999995,0.0,0.067,-35.491331437601396,80.07189256167916,132.1977318016787,
2.3099999999999947,0.0,0.067,-35.26274342607445,79.71926512741842,132.9949244529529,
2.3199999999999945,0.0,0.067,-35.03665511923305,79.36889857622609,133.78861343871515,
2.3299999999999943,0.0,0.067,-34.81303054110754,79.02076827081501,134.5788211214233,
2.339999999999994,0.0,0.067,-34.59183436415544,78.67484992717345,135.36556962069503,
2.349999999999994,0.0,0.067,-34.373031895275105,78.3311196082207,136.14888081677722,
2.3599999999999937,0.0,0.067,-34.15658906217068,77.989553717599,136.92877635395322,
2.3699999999999934,0.0,0.067,-33.94247240005797,77.65012899359841,137.70527764388922,
2.3799999999999932,0.0,0.067,-33.730649038701884,77.3128225032114,138.47840586892133,
2.389999999999993,0.0,0.067,-33.521086689775565,76.97761163631364,139.24818198528448,
2.399999999999993,0.0,0.067,-33.31375363453262,76.6444740999683,140.01462672628415,
2.4099999999999926,0.0,0.067,-33.108618711783095,76.31338791285047,140.77776060541265,
2.4199999999999924,0.0,0.067,-32.90565130616513,75.98433139978883,141.53760391941054,
2.429999999999992,0.0,0.067,-32.70482133670369,75.6572831864218,142.29417675127476,
2.439999999999992,0.0,0.067,-32.50609924564842,75.33222219396531,143.0474989732144,
2.4499999999999917,0.0,0.067,-32.309455987583085,75.00912763408948,143.7975902495553,
2.4599999999999915,0.0,0.067,-32.114863018798715,74.68797900390149,144.5444700395943,
2.4699999999999913,0.0,0.067,-31.92229228692341,74.36875608103226,145.28815760040462,
2.479999999999991,0.0,0.067,-31.73171622080174,74.05143891882425,146.02867198959285,
2.489999999999991,0.0,0.067,-31.543107720616703,73.73600784161808,146.76603206800903,
2.4999999999999907,0.0,0.067,-31.356440148247845,73.4224434401356,147.5002565024104,
2.5099999999999905,0.0,0.067,-31.171687317858996,73.110726566957,148.23136376807997,
2.5199999999999902,0.0,0.067,-30.988823486709386,72.80083833208991,148.95937215140088,
2.52999999999999,0.0,0.067,-30.80782334618203,72.4927600986281,149.68429975238718,
2.53999999999999,0.0,0.067,-30.62866201302372,72.18647347849786,150.40616448717216,
2.5499999999999896,0.0,0.067,-30.451315020790794,71.88196032828995,151.12498409045506,
2.5599999999999894,0.0,0.067,-30.2757583114951,71.579202745175,151.8407761179068,
2.569999999999989,0.0,0.067,-30.101968227445074,71.27818306290054,152.55355794853583,
2.579999999999989,0.0,0.067,-29.929921503276418,70.97888384786778,153.2633467870145,
2.5899999999999888,0.0,0.067,-29.759595258167614,70.6812878952861,153.97015966596737,
2.5999999999999885,0.0,0.067,-29.590966988235234,70.38537822540376,154.67401344822142,
2.6099999999999883,0.0,0.067,-29.424014559104364,70.09113807981271,155.37492482901953,
2.619999999999988,0.0,0.067,-29.258716198649577,69.79855091782622,156.0729103381978,
2.629999999999988,0.0,0.067,-29.095050489901933,69.5076004129272,156.76798634232708,
2.6399999999999877,0.0,0.067,-28.932996364117706,69.21827044928602,157.46016904681994,
2.6499999999999875,0.0,0.067,-28.772533094004594,68.93054511834598,158.1494744980034,
2.6599999999999873,0.0,0.067,-28.613640287101475,68.64440871547497,158.83591858515814,
2.669999999999987,0.0,0.067,-28.45629787930751,68.35984573668189,159.51951704252497,
2.679999999999987,0.0,0.067,-28.300486128556926,68.07684087539631,160.20028545127894,
2.6899999999999866,0.0,0.067,-28.146185608635726,67.79537901930996,160.87823924147204,
2.6999999999999864,0.0,0.067,-27.99337720313664,67.51544524727859,161.55339369394483,
2.709999999999986,0.0,0.067,-27.842042099548735,67.2370248262831,162.22576394220766,
2.719999999999986,0.0,0.067,-27.69216178347851,66.96010320844832,162.89536497429214,
2.7299999999999858,0.0,0.067,-27.543718032998783,66.68466602811833,163.56221163457332,
2.7399999999999856,0.0,0.067,-27.396692913122507,66.41069909898711,164.22631862556318,
2.7499999999999853,0.0,0.067,-27.251068770398042,66.13818841128312,164.88770050967602,
2.759999999999985,0.0,0.067,-27.10682822762314,65.86712012900689,165.5463717109661,
2.769999999999985,0.0,0.067,-26.963954178674463,65.59748058722015,166.2023465168383,
2.7799999999999847,0.0,0.067,-26.822429783449763,65.32925628938565,166.85563907973216,
2.7899999999999845,0.0,0.067,-26.6822384629201,65.06243390475645,167.50626341877972,
2.7999999999999843,0.0,0.067,-26.54336389428911,64.79700026581355,168.15423342143785,
2.809999999999984,0.0,0.067,-26.40579000625697,64.53294236575098,168.79956284509535,
2.819999999999984,0.0,0.067,-26.269500974386194,64.27024735600712,169.44226531865542,
2.8299999999999836,0.0,0.067,-26.134481216567,64.00890254384144,170.08235434409383,
2.8399999999999834,0.0,0.067,-26.0007153885796,63.74889538995565,170.71984329799338,
2.849999999999983,0.0,0.067,-25.868188379751334,63.490213506158135,171.35474543305497,
2.859999999999983,0.0,0.067,-25.736885308705943,63.232844653071076,171.9870738795857,
2.869999999999983,0.0,0.067,-25.606791519203114,62.97677673787904,172.61684164696447,
2.8799999999999826,0.0,0.067,-25.47789257606597,62.72199781211838,173.24406162508566,
2.8899999999999824,0.0,0.067,-25.350174261194287,62.468496069506436,173.86874658578074,
2.899999999999982,0.0,0.067,-25.223622569661565,62.21625984380982,174.49090918421885,
2.909999999999982,0.0,0.067,-25.098223705893844,61.96527760675088,175.11056196028636,
2.9199999999999817,0.0,0.067,-24.973964079928223,61.7155379659516,175.72771733994588,
2.9299999999999815,0.0,0.067,-24.850830303749476,61.4670296629141,176.342387636575,
2.9399999999999813,0.0,0.067,-24.72880918770251,61.219741571037076,176.95458505228538,
2.949999999999981,0.0,0.067,-24.607887736979208,60.973662693667286,177.56432167922205,
2.959999999999981,0.0,0.067,-24.48805314817775,60.72878216218551,178.1716095008439,
2.9699999999999807,0.0,0.067,-24.369292805932698,60.485089234126185,178.77646039318518,
2.9799999999999804,0.0,0.067,-24.25159427961425,60.24257329133005,179.37888612609848,
2.9899999999999802,0.0,0.067,-24.134945320094968,60.0012238381291,179.97889836447976,
2.99999999999998,0.0,0.067,-24.019333856582495,59.761030499563276,180.5765086694754,
3.00999999999998,0.0,0.067,-23.904747993516683,59.52198301962811,181.17172849967167,
3.0199999999999796,0.0,0.067,-23.79117600752953,59.28407125955282,181.7645692122672,
3.0299999999999794,0.0,0.067,-23.678606344466758,59.04728519610815,182.3550420642283,
3.039999999999979,0.0,0.067,-23.567027616469296,58.81161491994346,182.94315821342772,
3.049999999999979,0.0,0.067,-23.456428599113437,58.577050633952325,183.52892871976724,
3.0599999999999787,0.0,0.067,-23.346798228608392,58.34358265166624,184.11236454628389,
3.0699999999999785,0.0,0.067,-23.238125599049777,58.11120139567574,184.69347656024064,
3.0799999999999783,0.0,0.067,-23.130399959727868,57.87989739607846,185.2722755342014,
3.089999999999978,0.0,0.067,-23.023610712489347,57.64966128895357,185.84877214709095,
3.099999999999978,0.0,0.067,-22.917747409151293,57.42048381486205,186.4229769852396,
3.1099999999999777,0.0,0.067,-22.812799748966317,57.19235581737239,186.9949005434133,
3.1199999999999775,0.0,0.067,-22.708757576137604,56.965268241611014,187.56455322582943,
3.1299999999999772,0.0,0.067,-22.60561087738278,56.73921213283719,188.1319453471578,
3.139999999999977,0.0,0.067,-22.50334977954552,56.51417863504173,188.6970871335082,
3.149999999999977,0.0,0.067,-22.401964547253833,56.29015898956919,189.2599887234039,
3.1599999999999766,0.0,0.067,-22.30144558062395,56.067144533762956,189.8206601687415,
3.1699999999999764,0.0,0.067,-22.201783413008787,55.84512669963287,190.37911143573783,
3.179999999999976,0.0,0.067,-22.102968708790115,55.62409701254497,190.93535240586328,
3.189999999999976,0.0,0.067,-22.0049922612133,55.40404708993284,191.48939287676262,
3.1999999999999758,0.0,0.067,-21.907844990263836,55.1849686400302,192.0412425631629,
3.2099999999999755,0.0,0.067,-21.811517940584604,54.96685346062435,192.59091109776915,
3.2199999999999753,0.0,0.067,-21.716002279433113,54.74969343783002,193.13840803214745,
3.229999999999975,0.0,0.067,-21.621289294677705,54.53348054488324,193.6837428375963,
3.239999999999975,0.0,0.067,-21.52737039283201,54.31820684095492,194.22692490600585,
3.2499999999999747,0.0,0.067,-21.434237097126722,54.103864469983655,194.76796355070567,
3.2599999999999745,0.0,0.067,-21.341881045617903,53.89044565952748,195.30686800730095,
3.2699999999999743,0.0,0.067,-21.25029398933109,53.67794271963417,195.84364743449729,
3.279999999999974,0.0,0.067,-21.159467790440353,53.466348041729766,196.37831091491458,
3.289999999999974,0.0,0.067,-21.069394420481593,53.25565409752495,196.91086745588981,
3.2999999999999736,0.0,0.067,-20.980065958599358,53.04585343793896,197.4413259902692,
3.3099999999999734,0.0,0.067,-20.8914745898264,52.8369386920407,197.96969537718962,
3.319999999999973,0.0,0.067,-20.803612603395365,52.628902566006744,198.4959844028497,
3.329999999999973,0.0,0.067,-20.71647239108185,52.42173784209592,199.02020178127066,
3.3399999999999728,0.0,0.067,-20.630046445578234,52.21543737764014,199.54235615504706,
3.3499999999999726,0.0,0.067,-20.544327358897533,52.00999410405117,200.06245609608757,
3.3599999999999723,0.0,0.067,-20.45930782080679,51.805401025843096,200.580510106346,
3.369999999999972,0.0,0.067,-20.374980617289197,51.6016512196702,201.0965266185427,
3.379999999999972,0.0,0.067,-20.291338629034545,51.398737833379855,201.6105139968765,
3.3899999999999717,0.0,0.067,-20.208374829957247,51.19665408508028,202.1224805377273,
3.3999999999999715,0.0,0.067,-20.126082285741422,50.99539326222287,202.63243447034955,
3.4099999999999713,0.0,0.067,-20.044454152412523,50.79494872069874,203.14038395755654,
3.419999999999971,0.0,0.067,-19.96348367493483,50.595313883949395,203.64633709639602,
3.429999999999971,0.0,0.067,-19.88316418583446,50.39648224209105,204.15030191881692,
3.4399999999999706,0.0,0.067,-19.80348910384713,50.19844735105257,204.65228639232745,
3.4499999999999704,0.0,0.067,-19.724451932590434,50.001202831726665,205.1522984206447,
3.45999999999997,0.0,0.067,-19.646046259259858,49.80474236913407,205.65034584433604,
3.46999999999997,0.0,0.067,-19.568265753348264,49.60905971160059,206.14643644145204,
3.47999999999997,0.0,0.067,-19.491104165388247,49.414148669946705,206.64057792815152,
3.4899999999999696,0.0,0.067,-19.414555325716922,49.22000311668953,207.13277795931842,
3.4999999999999694,0.0,0.067,-19.338613143262695,49.02661698525691,207.62304412917098,
3.509999999999969,0.0,0.067,-19.263271604353598,48.833984269213374,208.11138397186312,
3.519999999999969,0.0,0.067,-19.188524771546653,48.642099021497906,208.5978049620781,
3.5299999999999687,0.0,0.067,-19.114366782477987,48.45095535367312,209.08231451561483,
3.5399999999999685,0.0,0.067,-19.040791848733154,48.26054743518579,209.56491998996668,
3.5499999999999683,0.0,0.067,-18.967794254737324,48.070869492638415,210.04562868489307,
3.559999999999968,0.0,0.067,-18.895368356664896,47.881915809071764,210.5244478429838,
3.569999999999968,0.0,0.067,-18.823508581368234,47.69368072325808,211.00138465021638,
3.5799999999999677,0.0,0.067,-18.75220942532503,47.50615862900483,211.47644623650643,
3.5899999999999674,0.0,0.067,-18.681465453603995,47.31934397446879,211.9496396762511,
3.5999999999999672,0.0,0.067,-18.611271298848518,47.133231261480304,212.42097198886592,
3.609999999999967,0.0,0.067,-18.541621660277894,46.94781504487752,212.89045013931468,
3.619999999999967,0.0,0.067,-18.472511302705804,46.763089931850466,213.35808103863317,
3.6299999999999666,0.0,0.067,-18.403935055575715,46.57905058129471,213.82387154444612,
3.6399999999999664,0.0,0.067,-18.33588781201284,46.39569170317458,214.28782846147786,
3.649999999999966,0.0,0.067,-18.268364527892366,46.21300805789566,214.74995854205682,
3.659999999999966,0.0,0.067,-18.201360220923586,46.03099445568642,215.21026848661367,
3.6699999999999657,0.0,0.067,-18.134869969749694,45.849645755988924,215.66876494417357,
3.6799999999999655,0.0,0.067,-18.068888913062853,45.668956866858295,216.12545451284217,
3.6899999999999653,0.0,0.067,-18.00341224873434,45.48892274437095,216.58034374028588,
3.699999999999965,0.0,0.067,-17.938435232959346,45.30953839204136,217.0334391242063,
3.709999999999965,0.0,0.067,-17.87395317941632,45.1307988602472,217.48474711280878,
3.7199999999999647,0.0,0.067,-17.80996145844038,44.95269924566279,217.93427410526542,
3.7299999999999645,0.0,0.067,-17.746455496210707,44.775234690700685,218.38202645217243,
3.7399999999999642,0.0,0.067,-17.683430773951525,44.59840038296117,218.82801045600203,
3.749999999999964,0.0,0.067,-17.620882827146428,44.422191554689704,219.27223237154894,
3.759999999999964,0.0,0.067,-17.55880724476591,44.246603482242044,219.71469840637135,
3.7699999999999636,0.0,0.067,-17.497199668507648,44.07163148555697,220.15541472122692,
3.7799999999999634,0.0,0.067,-17.43605579204948,43.89727092763648,220.59438743050328,
3.789999999999963,0.0,0.067,-17.37537136031478,43.72351721403333,221.0316226026436,
3.799999999999963,0.0,0.067,-17.315142168749894,43.55036579234583,221.46712626056706,
3.8099999999999627,0.0,0.067,-17.255364062613577,43.377812151719695,221.90090438208426,
3.8199999999999625,0.0,0.067,-17.196032936278115,43.20585182235691,222.33296290030782,
3.8299999999999623,0.0,0.067,-17.13714473254187,43.03448037503149,222.76330770405812,
3.839999999999962,0.0,0.067,-17.07869544195317,42.86369342061196,223.19194463826423,
3.849999999999962,0.0,0.067,-17.020681102145165,42.69348660959051,223.61887950436014,
3.8599999999999617,0.0,0.067,-16.963097797181582,42.523855631618694,224.0441180606763,
3.8699999999999615,0.0,0.067,-16.905941656913132,42.35479621504956,224.46766602282682,
3.8799999999999613,0.0,0.067,-16.84920885634431,42.18630412648612,224.88952906409168,
3.889999999999961,0.0,0.067,-16.792895615010504,42.018375170336014,225.30971281579502,
3.899999999999961,0.0,0.067,-16.736998196365143,41.85100518837236,225.72822286767874,
3.9099999999999606,0.0,0.067,-16.681512907176725,41.6841900593006,226.14506476827174,
3.9199999999999604,0.0,0.067,-16.62643609693556,41.51792569833124,226.56024402525506,
3.92999999999996,0.0,0.067,-16.571764157269996,41.35220805675854,226.97376610582265,
3.93999999999996,0.0,0.067,-16.51749352137204,41.18703312154482,227.3856364370381,
3.9499999999999598,0.0,0.067,-16.463620663432128,41.0223969149105,227.79586040618722,
3.9599999999999596,0.0,0.067,-16.4101420980829,40.858295493929674,228.20444336112652,
3.9699999999999593,0.0,0.067,-16.35705437985183,40.69472495013115,228.61139061062784,
3.979999999999959,0.0,0.067,-16.30435410262256,40.53168140910493,229.01670742471887,
3.989999999999959,0.0,0.067,-16.25203789910471,40.36916103011388,229.42039903502,
3.9999999999999587,0.0,0.067,-16.200102440312133,40.20716000571076,229.8224706350771,
4.009999999999959,0.0,0.067,-16.148544435049324,40.045674561360265,230.22292738069072,
4.019999999999959,0.0,0.067,-16.09736062940596,39.88470095506621,230.62177439024137,
4.0299999999999585,0.0,0.067,-16.046547806259365,39.72423547700362,231.0190167450114,
4.039999999999958,0.0,0.067,-15.99610278478473,39.56427444915577,231.41465948950298,
4.049999999999958,0.0,0.067,-15.946022419973003,39.40481422495604,231.80870763175255,
4.059999999999958,0.0,0.067,-15.89630360215633,39.24585118893448,232.2011661436419,
4.069999999999958,0.0,0.067,-15.84694325654083,39.08738175636907,232.5920399612056,
4.079999999999957,0.0,0.067,-15.797938342746628,38.9294023729416,232.981333984935,
4.089999999999957,0.0,0.067,-15.749285854355051,38.771909514398054,233.36905308007897,
4.099999999999957,0.0,0.067,-15.700982818462776,38.61489968621343,233.75520207694112,
4.109999999999957,0.0,0.067,-15.653026295242878,38.458369423261,234.13978577117373,
4.119999999999957,0.0,0.067,-15.605413377512635,38.30231528948587,234.52280892406858,
4.129999999999956,0.0,0.067,-15.558141190307943,38.14673387758279,234.9042762628444,
4.139999999999956,0.0,0.067,-15.511206890464278,37.99162180867815,235.28419248093118,
4.149999999999956,0.0,0.067,-15.464607666204072,37.83697573201611,235.66256223825135,
4.159999999999956,0.0,0.067,-15.418340736730347,37.6827923246488,236.03939016149783,
4.1699999999999555,0.0,0.067,-15.372403351826566,37.529068291130535,236.41468084440913,
4.179999999999955,0.0,0.067,-15.326792791462552,37.37580036321591,236.7884388480413,
4.189999999999955,0.0,0.067,-15.281506365406392,37.22298529956184,237.1606687010369,
4.199999999999955,0.0,0.067,-15.23654141284219,37.070619885433416,237.53137489989123,
4.209999999999955,0.0,0.067,-15.191895301993627,36.91870093241348,237.90056190921536,
4.2199999999999545,0.0,0.067,-15.147565429753133,36.767225278115944,238.2682341619965,
4.229999999999954,0.0,0.067,-15.103549221316706,36.616189785902776,238.63439605985553,
4.239999999999954,0.0,0.067,-15.059844129824148,36.46559134460453,238.9990519733016,
4.249999999999954,0.0,0.067,-15.016447636004727,36.31542686824449,239.36220624198404,
4.259999999999954,0.0,0.067,-14.97335724782811,36.165693295766204,239.7238631749417,
4.269999999999953,0.0,0.067,-14.930570500160512,36.0163875907646,240.08402705084936,
4.279999999999953,0.0,0.067,-14.88808495442595,35.86750674122034,240.44270211826156,
4.289999999999953,0.0,0.067,-14.845898198272545,35.71904775923761,240.79989259585395,
4.299999999999953,0.0,0.067,-14.804007845243733,35.57100768078517,241.1556026726618,
4.3099999999999525,0.0,0.067,-14.7624115344544,35.42338356544063,241.5098365083162,
4.319999999999952,0.0,0.067,-14.721106930271716,35.27617249613791,241.86259823327757,
4.329999999999952,0.0,0.067,-14.680091722000746,35.129371578917905,242.21389194906675,
4.339999999999952,0.0,0.067,-14.639363623574626,34.98297794268216,242.56372172849356,
4.349999999999952,0.0,0.067,-14.598920373249305,34.83698873894967,242.91209161588307,
4.3599999999999515,0.0,0.067,-14.558759733302763,34.691401141616645,243.25900562729925,
4.369999999999951,0.0,0.067,-14.518879489738612,34.54621234671926,243.60446775076645,
4.379999999999951,0.0,0.067,-14.479277451994019,34.401419572199316,243.94848194648844,
4.389999999999951,0.0,0.067,-14.439951452651883,34.2570200576728,244.29105214706516,
4.399999999999951,0.0,0.067,-14.400899347157193,34.113011064201224,244.63218225770717,
4.40999999999995,0.0,0.067,-14.362119013537479,33.96938987406585,244.97187615644782,
4.41999999999995,0.0,0.067,-14.32360835212735,33.82615379054457,245.31013769435327,
4.42999999999995,0.0,0.067,-14.285365285296946,33.6833001376916,245.64697069573018,
4.43999999999995,0.0,0.067,-14.247387757184358,33.54082626011976,245.98237895833137,
4.4499999999999496,0.0,0.067,-14.209673733431877,33.39872952278544,246.3163662535592,
4.459999999999949,0.0,0.067,-14.172221200926003,33.257007310776174,246.64893632666698,
4.469999999999949,0.0,0.067,-14.135028167541229,33.11565702910076,246.98009289695798,
4.479999999999949,0.0,0.067,-14.098092661887433,32.97467610248189,247.3098396579828,
4.489999999999949,0.0,0.067,-14.061412733060923,32.83406197515128,247.6381802777343,
4.4999999999999485,0.0,0.067,-14.024986450398991,32.693812110647286,247.9651183988408,
4.509999999999948,0.0,0.067,-13.988811903237975,32.55392399161491,248.29065763875693,
4.519999999999948,0.0,0.067,-13.952887200674754,32.41439511960816,248.614801589953,
4.529999999999948,0.0,0.067,-13.917210471331604,32.27522301489484,248.93755382010195,
4.539999999999948,0.0,0.067,-13.881779863124393,32.1364052162636,249.2589178722646,
4.549999999999947,0.0,0.067,-13.84659354303405,31.997939280833258,249.57889726507292,
4.559999999999947,0.0,0.067,-13.811649696881224,31.859822783864445,249.89749549291156,
4.569999999999947,0.0,0.067,-13.776946529104151,31.722053318573405,250.2147160260973,
4.579999999999947,0.0,0.067,-13.742482262539601,31.58462849594801,250.5305623110568,
4.589999999999947,0.0,0.067,-13.708255138206907,31.44754594456594,250.84503777050244,
4.599999999999946,0.0,0.067,-13.67426341509501,31.310803310414993,251.1581458036066,
4.609999999999946,0.0,0.067,-13.640505369952493,31.174398256715467,251.46988978617375,
4.619999999999946,0.0,0.067,-13.606979297080489,31.038328463744662,251.7802730708112,
4.629999999999946,0.0,0.067,-13.573683508128536,30.902591628663377,252.08929898709783,
4.6399999999999455,0.0,0.067,-13.5406163318932,30.767185465344443,252.39697084175128,
4.649999999999945,0.0,0.067,-13.507776114119531,30.632107704203246,252.70329191879333,
4.659999999999945,0.0,0.067,-13.475161217305246,30.497356092030195,253.00826547971363,
4.669999999999945,0.0,0.067,-13.442770020507602,30.36292839182512,253.31189476363187,
4.679999999999945,0.0,0.067,-13.410600919152953,30.228822382633588,253.6141829874582,
4.689999999999944,0.0,0.067,-13.378652324848918,30.0950358593851,253.91513334605204,
4.699999999999944,0.0,0.067,-13.346922665199115,29.96156663273311,254.21474901237937,
4.709999999999944,0.0,0.067,-13.315410383620446,29.828412528896905,254.51303313766834,
4.719999999999944,0.0,0.067,-13.284113939162868,29.695571389505275,254.8099888515634,
4.729999999999944,0.0,0.067,-13.253031806331652,29.56304107144196,255.1056192622778,
4.739999999999943,0.0,0.067,-13.222162474912015,29.430819446692837,255.39992745674473,
4.749999999999943,0.0,0.067,-13.191504449796202,29.298904402194875,255.69291650076667,
4.759999999999943,0.0,0.067,-13.16105625081285,29.167293839686746,255.98458943916353,
4.769999999999943,0.0,0.067,-13.13081641255872,29.035985675561157,256.27494929591916,
4.7799999999999425,0.0,0.067,-13.100783484232672,28.904977840718832,256.5639990743263,
4.789999999999942,0.0,0.067,-13.070956029471896,28.774268280424113,256.8517417571306,
4.799999999999942,0.0,0.067,-13.04133262619035,28.64385495416221,257.1381803066722,
4.809999999999942,0.0,0.067,-13.011911866419377,28.513735835498018,257.4233176650272,
4.819999999999942,0.0,0.067,-12.98269235615046,28.383908911936512,257.7071567541465,
4.8299999999999415,0.0,0.067,-12.95367271518008,28.25437218478471,257.98970047599437,
4.839999999999941,0.0,0.067,-12.924851576956678,28.125123669015142,258.2709517126845,
4.849999999999941,0.0,0.067,-12.896227588429623,27.996161393130848,258.55091332661584,
4.859999999999941,0.0,0.067,-12.867799409900243,27.867483399031844,258.82958816060614,
4.869999999999941,0.0,0.067,-12.8395657148748,27.739087741883097,259.106979038025,
4.87999999999994,0.0,0.067,-12.81152518991945,27.6109724899839,259.3830887629248,
4.88999999999994,0.0,0.067,-12.783676534517122,27.48313572463873,259.6579201201712,
4.89999999999994,0.0,0.067,-12.756018460926285,27.355575540029466,259.9314758755715,
4.90999999999994,0.0,0.067,-12.728549694041607,27.22829004308905,260.20375877600236,
4.9199999999999395,0.0,0.067,-12.701268971256429,27.101277353376485,260.4747715495361,
4.929999999999939,0.0,0.067,-12.67417504232708,26.974535602953214,260.74451690556566,
4.939999999999939,0.0,0.067,-12.64726666923897,26.848062936260824,261.0129975349283,
4.949999999999939,0.0,0.067,-12.620542626074444,26.72185751000008,261.2802161100283,
4.959999999999939,0.0,0.067,-12.594001698882364,26.595917493011257,261.5461752849584,
4.9699999999999385,0.0,0.067,-12.567642685549423,26.47024106615576,261.81087769562,
4.979999999999938,0.0,0.067,-12.541464395673136,26.34482642219903,262.074325959842,
4.989999999999938,0.0,0.067,-12.515465650436468,26.219671765694667,262.3365226774989,
4.999999999999938,0.0,0.067,-12.489645282484148,26.094775312869825,262.5974704306276,
5.009999999999938,0.0,0.067,-895.158294488529,17.143192367984533,262.76890235430744,
5.019999999999937,0.0,0.067,-391.9085477523285,13.224106890461247,262.90114342321203,
5.029999999999937,0.0,0.067,-237.16805082227668,10.85242638223848,263.00966768703444,
5.039999999999937,0.0,0.067,-162.92461210208617,9.22318026121762,263.1018994896466,
5.049999999999937,0.0,0.067,-120.39820576016965,8.019198203615924,263.1820914716828,
5.0599999999999365,0.0,0.067,-93.40737137570417,7.085124489858882,263.25294271658134,
5.069999999999936,0.0,0.067,-75.06406169050781,6.334483872953804,263.3162875553109,
5.079999999999936,0.0,0.067,-61.96730801718466,5.714810792781957,263.37343566323875,
5.089999999999936,0.0,0.067,-52.25968899980025,5.192213902783955,263.4253578022666,
5.099999999999936,0.0,0.067,-44.84900140191229,4.743723888764832,263.47279504115426,
5.1099999999999355,0.0,0.067,-39.05545980947264,4.353169290670105,263.51632673406095,
5.119999999999935,0.0,0.067,-34.43638926347136,4.008805398035392,263.5564147880413,
5.129999999999935,0.0,0.067,-30.69266719603359,3.701878726075056,263.5934335753021,
5.139999999999935,0.0,0.067,-27.615846350079206,3.4257202625742638,263.6276907779278,
5.149999999999935,0.0,0.067,-25.056824919075947,3.1751520133835043,263.6594422980616,
5.159999999999934,0.0,0.067,-22.90653298989156,2.9460866834845887,263.68890316489643,
5.169999999999934,0.0,0.067,-21.083617290835846,2.7352505105762304,263.71625567000217,
5.179999999999934,0.0,0.067,-19.526355788878544,2.539986952687445,263.74165553952906,
5.189999999999934,0.0,0.067,-18.187212307015624,2.3581148296172887,263.7652366878252,
5.199999999999934,0.0,0.067,-17.029085871434177,2.187823970902947,263.7871149275343,
5.209999999999933,0.0,0.067,-16.02267533211008,2.027597217581846,263.8073908997101,
5.219999999999933,0.0,0.067,-15.144594344379412,1.876151274138052,263.82615241245145,
5.229999999999933,0.0,0.067,-14.376001316811175,1.7323912609699401,263.84347632506115,
5.239999999999933,0.0,0.067,-13.701589168222752,1.5953753692877126,263.85943007875403,
5.2499999999999325,0.0,0.067,-13.108830614232176,1.4642870631453908,263.8740729493855,
5.259999999999932,0.0,0.067,-12.587407650400971,1.338412986641381,263.88745707925193,
5.269999999999932,0.0,0.067,-12.128775646411329,1.2171252301772677,263.8996283315537,
5.279999999999932,0.0,0.067,-11.725827074122147,1.0998669594360462,263.91062700114804,
5.289999999999932,0.0,0.067,-11.3726298644176,0.9861406607918701,263.92048840775595,
5.299999999999931,0.0,0.067,-11.06422229697941,0.875498437822076,263.9292433921342,
5.309999999999931,0.0,0.067,-10.79645118097874,0.7675339260122886,263.9369187313943,
5.319999999999931,0.0,0.067,-10.565843539268165,0.6618754906196069,263.9435374863005,
5.329999999999931,0.0,0.067,-10.369504497934939,0.5581804456402575,263.9491192907569,
5.339999999999931,0.0,0.067,-10.205035898361539,0.4561300866566421,263.9536805916235,
5.34999999999993,0.0,0.067,-10.0704714885016,0.35542537177162614,263.9572348453412,
5.35999999999993,0.0,0.067,-9.96422555068042,0.255783116264822,263.95979267650387,
5.36999999999993,0.0,0.067,-9.885052580449736,0.1569325904603246,263.96136200240846,
5.37999999999993,0.0,0.067,-9.832016212570013,0.05861242833462446,263.9619481266918,
5.3899999999999295,0.0,0.067,-9.804466044721545,-0.03943223211259099,263.9615538043707,
5.399999999999929,0.0,0.067,-9.79797862736941,-0.13741201838628508,263.9601796841868,
5.409999999999929,0.0,0.067,-9.775453297203319,-0.23516655135831827,263.95782801867324,
5.419999999999929,0.0,0.067,-9.728105619595352,-0.3324476075542718,263.9545035425977,
5.429999999999929,0.0,0.067,-9.656321946846193,-0.4290108270227337,263.95021343432745,
5.4399999999999284,0.0,0.067,-9.560734142286302,-0.5246181684455967,263.944967252643,
5.449999999999928,0.0,0.067,-9.44220757476991,-0.6190402441932958,263.93877685020107,
5.459999999999928,0.0,0.067,-9.301824270522927,-0.7120584868985251,263.9316562653321,
5.469999999999928,0.0,0.067,-9.140861789463376,-0.8034671047931589,263.92362159428416,
5.479999999999928,0.0,0.067,-8.960768535347093,-0.8930747901466298,263.9146908463827,
5.489999999999927,0.0,0.067,-8.763136314965319,-0.9807061532962831,263.90488378484974,
5.499999999999927,0.0,0.067,-8.549671026678462,-1.0662028635630678,263.8942217562141,
5.509999999999927,0.0,0.067,-8.322162381224919,-1.149424487375317,263.88272751134036,
5.519999999999927,0.0,0.067,-8.082453539243764,-1.2302490227677547,263.8704250211127,
5.5299999999999265,0.0,0.067,-7.832411494097433,-1.308573137708729,263.8573392897356,
5.539999999999926,0.0,0.067,-7.573898941246358,-1.3843121271211927,263.84349616846436,
5.549999999999926,0.0,0.067,-7.308748263932824,-1.4573996097605209,263.82892217236673,
5.559999999999926,0.0,0.067,-7.038738137364627,-1.527786991134167,263.8136443024554,
5.569999999999926,0.0,0.067,-6.765573118137846,-1.5954427223155454,263.7976898752322,
5.5799999999999255,0.0,0.067,-6.490866449992965,-1.6603513868154751,263.78108636136403,
5.589999999999925,0.0,0.067,-6.216126187880248,-1.7225126486942777,263.7638612348771,
5.599999999999925,0.0,0.067,-5.942744625141725,-1.781940094945695,263.7460418339276,
5.609999999999925,0.0,0.067,-5.671990907349813,-1.8386600040191932,263.72765523388745,
5.619999999999925,0.0,0.067,-5.4050066334277105,-1.8927100703534703,263.7087281331839,
5.629999999999924,0.0,0.067,-5.14280418115339,-1.944138112165004,263.6892867520623,
5.639999999999924,0.0,0.067,-4.886267449826082,-1.9930007866632649,263.6693567441957,
5.649999999999924,0.0,0.067,-4.63615468656636,-2.0393623335289286,263.6489631208604,
5.659999999999924,0.0,0.067,-4.393103052510261,-2.083293364054031,263.6281301872199,
5.6699999999999235,0.0,0.067,-4.157634588655745,-2.1248697099405884,263.6068814901205,
5.679999999999923,0.0,0.067,-3.930163255703073,-2.164171342497619,263.5852397766955,
5.689999999999923,0.0,0.067,-3.7110027452455125,-2.2012813699500744,263.563226962996,
5.699999999999923,0.0,0.067,-3.500374788586898,-2.2362851178359433,263.54086411181765,
5.709999999999923,0.0,0.067,-3.2984177220020903,-2.269269295055964,263.5181714188671,
5.7199999999999225,0.0,0.067,-3.105195101444563,-2.3003212460704097,263.4951682064064,
5.729999999999922,0.0,0.067,-2.9207041939172944,-2.3295282880095827,263.4718729235263,
5.739999999999922,0.0,0.067,-2.7448842056888716,-2.3569771300664715,263.4483031522256,
5.749999999999922,0.0,0.067,-2.577624138319981,-2.382753371449671,263.4244756185111,
5.759999999999922,0.0,0.067,-2.4187701914344855,-2.406941073364016,263.40040620777745,
5.769999999999921,0.0,0.067,-2.268132655950615,-2.429622399923522,263.37610998377824,
5.779999999999921,0.0,0.067,-2.1254922629256927,-2.450877322552779,263.3516012105527,
5.789999999999921,0.0,0.067,-1.9906059712731292,-2.4707833822655103,263.32689337673,
5.799999999999921,0.0,0.067,-1.8632121925233427,-2.4894155041907435,263.3019992216881,
5.809999999999921,0.0,0.067,-1.7430354627470046,-2.5068458588182136,263.2769307630999,
5.81999999999992,0.0,0.067,-1.629790581024589,-2.5231437646284594,263.2516993254536,
5.82999999999992,0.0,0.067,-1.5231862407433172,-2.5383756270358924,263.22631556918327,
5.83999999999992,0.0,0.067,-1.4229281848543671,-2.5526049088844363,263.2007895200944,
5.84999999999992,0.0,0.067,-1.328721919345571,-2.565892128077892,263.17513059881367,
5.8599999999999195,0.0,0.067,-1.240275020876287,-2.578294878286655,263.1493476500308,
5.869999999999919,0.0,0.067,-1.1572990750559196,-2.589867869037214,263.1234489713404,
5.879999999999919,0.0,0.067,-1.0795112814700973,-2.600662981851915,263.09744234152186,
5.889999999999919,0.0,0.067,-1.0066357604845337,-2.6107293394567606,263.0713350481273,
5.899999999999919,0.0,0.067,-0.9384045952687716,-2.6201133854094483,263.0451339142732,
5.909999999999918,0.0,0.067,-0.8745586405368909,-2.628858971814817,263.01884532455506,
5.919999999999918,0.0,0.067,-0.8148481273267684,-2.637007453088085,262.9924752500242,
5.929999999999918,0.0,0.067,-0.7590330908379194,-2.6445977839964643,262.96602927218424,
5.939999999999918,0.0,0.067,-0.7068836460024304,-2.6516666204564885,262.9395126059797,
5.949999999999918,0.0,0.067,-0.6581801331372349,-2.658248421787861,262.9129301217618,
5.959999999999917,0.0,0.067,-0.6127131537674103,-2.6643755533255353,262.88628636622855,
5.969999999999917,0.0,0.067,-0.5702835145529498,-2.670078388471065,262.8595855823438,
5.979999999999917,0.0,0.067,-0.5307020952199627,-2.6753854094232645,262.8328317282496,
5.989999999999917,0.0,0.067,-0.49378965450573964,-2.680323305968322,262.8060284951899,
5.9999999999999165,0.0,0.067,-0.4593765863836478,-2.6849170718321584,262.77917932447156,
6.009999999999916,0.0,0.067,-0.42730263724084633,-2.689190098204567,262.7522874234895,
6.019999999999916,0.0,0.067,-0.39741659323750256,-2.693164264136942,262.72535578084813,
6.029999999999916,0.0,0.067,-0.36957594577572234,-2.696860023594699,262.6983871806122,
6.039999999999916,0.0,0.067,-0.34364654184349636,-2.7002964890131342,262.67138421572207,
6.0499999999999154,0.0,0.067,-0.31950222496419456,-2.703491511262776,262.64434930060946,
6.059999999999915,0.0,0.067,-0.2970244715678865,-2.706461755978455,262.61728468304966,
6.069999999999915,0.0,0.067,-0.27610202679587675,-2.709222776246414,262.5901924552872,
6.079999999999915,0.0,0.067,-0.25663054304610206,-2.711789081676875,262.5630745644704,
6.089999999999915,0.0,0.067,-0.23851222395409988,-2.714174203916416,262.5359328224312,
6.099999999999914,0.0,0.067,-0.22165547597318924,-2.7163907586761478,262.50876891484444,
6.109999999999914,0.0,0.067,-0.2059745692601425,-2.7184505043687492,262.48158440980075,
6.119999999999914,0.0,0.067,-0.1913893091801992,-2.720364397460551,262.45438076582616,
6.129999999999914,0.0,0.067,-0.17782471941101638,-2.7221426446546615,262.4271593393796,
6.1399999999999135,0.0,0.067,-0.16521073734148162,-2.7237947520280765,262.3999213918593,
6.149999999999913,0.0,0.067,-0.15348192222280482,-2.7253295712503047,262.3726680961468,
6.159999999999913,0.0,0.067,-0.14257717632948527,-2.7267553430135996,262.3454005427167,
6.169999999999913,0.0,0.067,-0.13243947922225718,-2.728079737805822,262.3181197453386,
6.179999999999913,0.0,0.067,-0.123015635068912,-2.729309894156511,262.290826646397,
6.1899999999999125,0.0,0.067,-0.11425603286822553,-2.730452454485193,262.2635221218522,
6.199999999999912,0.0,0.067,-0.10611441933336034,-2.731513598678527,262.2362069858654,
6.209999999999912,0.0,0.067,-0.0985476841209732,-2.7324990755197365,262.20888199511023,
6.219999999999912,0.0,0.067,-0.09151565703811931,-2.7334142320901176,262.1815478527893,
6.229999999999912,0.0,0.067,-0.08498091681833833,-2.734264041258301,262.1542052123767,
6.239999999999911,0.0,0.067,-0.0789086110289789,-2.7350531273685905,262.12685468110305,
6.249999999999911,0.0,0.067,-0.07326628665214616,-2.735785790235112,262.0994968232007,
6.259999999999911,0.0,0.067,-0.0680237308698994,-2.736466027543811,262.07213216292524,
6.269999999999911,0.0,0.067,-0.06315282157901873,-2.737097555759601,262.04476118736767,
6.2799999999999105,0.0,0.067,-0.05862738716090879,-2.73768382963121,262.01738434907134,
6.28999999999991,0.0,0.067,-0.05442307503686805,-2.7382280603815787,261.9900020684675,
6.29999999999991,0.0,0.067,-0.05051722854689899,-2.7387332326670477,261.96261473614084,
6.30999999999991,0.0,0.067,-0.04688877170110466,-2.739202120384059,261.93522271493697,
6.31999999999991,0.0,0.067,-0.04351810136584799,-2.7396373013977176,261.907826341923,
6.3299999999999095,0.0,0.067,-0.040386986461202985,-2.7400411712623294,261.8804259302104,
6.339999999999909,0.0,0.067,-0.037478473762218086,-2.7404159559999517,261.8530217706504,
6.349999999999909,0.0,0.067,-0.034776799913073635,-2.7407637239990823,261.8256141334104,
6.359999999999909,0.0,0.067,-0.03226730927998347,-2.741086397091882,261.79820326943945,
6.369999999999909,0.0,0.067,-0.02993637728640599,-2.741385760864746,261.77078941183083,
6.379999999999908,0.0,0.067,-0.027771338891192703,-2.741663474253658,261.74337277708827,
6.389999999999908,0.0,0.067,-0.025760421887349973,-2.7419210784725316,261.71595356630354,
6.399999999999908,0.0,0.067,-0.02389268471639103,-2.7421600053196955,261.68853196625037,
6.409999999999908,0.0,0.067,-0.02215795850940975,-2.7423815849047894,261.66110815040133,
6.419999999999908,0.0,0.067,-0.020546793082134186,-2.742587052835611,261.63368227987297,
6.429999999999907,0.0,0.067,-0.01905040662681072,-2.742777556901879,261.60625450430393,
6.439999999999907,0.0,0.067,-0.01766063885877577,-2.742954163290467,261.57882496267104,
6.449999999999907,0.0,0.067,-0.016369907389645503,-2.7431178623643633,261.5513937840474,
6.459999999999907,0.0,0.067,-0.015171167112999616,-2.743269574035493,261.52396108830703,
6.4699999999999065,0.0,0.067,-0.014057872401554136,-2.7434101527595085,261.49652698677943,
6.479999999999906,0.0,0.067,-0.013023941927025664,-2.7435403921787787,261.46909158285763,
6.489999999999906,0.0,0.067,-0.012063725925934589,-2.743661029438038,261.44165497256324,
6.499999999999906,0.0,0.067,-0.011171975745771612,-2.7437727491954957,261.4142172450713,
6.509999999999906,0.0,0.067,-0.010343815516318376,-2.7438761873506587,261.3867784831978,
6.519999999999905,0.0,0.067,-0.0095747158013077,-2.743971934508672,261.35933876385275,
6.529999999999905,0.0,0.067,-0.00886046909469286,-2.744060539199619,261.3318981584608,
6.539999999999905,0.0,0.067,-0.008197167034867697,-2.7441425108699677,261.3044567333521,
6.549999999999905,0.0,0.067,-0.007581179218505992,-2.7442183226621526,261.27701455012544,
6.559999999999905,0.0,0.067,-0.007009133503536362,-2.744288413997188,261.24957166598546,
6.569999999999904,0.0,0.067,-0.006477897698103007,-2.7443531929741694,261.2221281340557,
6.579999999999904,0.0,0.067,-0.005984562539423341,-2.7444130385995638,261.1946840036697,
6.589999999999904,0.0,0.067,-0.005526425872778478,-2.7444683028582917,261.1672393206411,
6.599999999999904,0.0,0.067,-0.005100977947011933,-2.744519312637762,261.13979412751473,
6.6099999999999035,0.0,0.067,-0.00470588774864528,-2.744566371515248,261.1123484637996,
6.619999999999903,0.0,0.067,-0.004338990301988919,-2.744609761418268,261.0849023661854,
6.629999999999903,0.0,0.067,-0.003998274867582342,-2.744649744166944,261.0574558687438,
6.639999999999903,0.0,0.067,-0.00368187397597947,-2.7446865629067037,261.0300090031147,
6.649999999999903,0.0,0.067,-0.0033880532382957185,-2.7447204434390864,261.0025617986803,
6.659999999999902,0.0,0.067,-0.003115201878757958,-2.744751595457874,260.9751142827257,
6.669999999999902,0.0,0.067,-0.002861823938662676,-2.7447802136972608,260.94766648058874,
6.679999999999902,0.0,0.067,-0.0026265301042198244,-2.744806478998303,260.92021841579873,
6.689999999999902,0.0,0.067,-0.002408030114446769,-2.7448305592994475,260.89277011020573,
6.699999999999902,0.0,0.067,-0.0022051257081020363,-2.7448526105565287,260.8653215841002,
6.709999999999901,0.0,0.067,-0.0020167040716411624,-2.7448727775972452,260.8378728563242,
6.719999999999901,0.0,0.067,-0.0018417317526376923,-2.7448911949147714,260.8104239443751,
6.729999999999901,0.0,0.067,-0.0016792490059426009,-2.7449079874048308,260.78297486450106,
6.739999999999901,0.0,0.067,-0.00152836454177593,-2.7449232710502485,260.75552563179053,
6.7499999999999005,0.0,0.067,-0.0013882506473902505,-2.744937153556722,260.72807626025497,
6.7599999999999,0.0,0.067,-0.0012581386557533809,-2.7449497349432797,260.70062676290553,
6.7699999999999,0.0,0.067,-0.0011373147367277016,-2.744961108090647,260.67317715182463,
6.7799999999999,0.0,0.067,-0.0010251159877412395,-2.7449713592505245,260.64572743823214,
6.7899999999999,0.0,0.067,-9.209268028811489E-4,-2.744980568518553,260.61827763254695,
6.7999999999998995,0.0,0.067,-8.241755004338527E-4,-2.7449888102735573,260.5908277444442,
6.809999999999899,0.0,0.067,-7.343311906559075E-4,-2.744996153585464,260.56337778290833,
6.819999999999899,0.0,0.067,-6.509008666400415E-4,-2.74500266259413,260.5359277562824,
6.829999999999899,0.0,0.067,-5.734267024780587E-4,-2.745008396861155,260.50847767231375,
6.839999999999899,0.0,0.067,-5.014835438883613E-4,-2.745013411696594,260.48102753819677,
6.849999999999898,0.0,0.067,-4.3467657771531455E-4,-2.745017758462371,260.45357736061214,
6.859999999999898,0.0,0.067,-3.726391674699223E-4,-2.7450214848540457,260.4261271457636,
6.869999999999898,0.0,0.067,-3.150308432577842E-4,-2.7450246351624785,260.39867689941195,
6.879999999999898,0.0,0.067,-2.6153543490759596E-4,-2.7450272505168276,260.3712266269068,
6.8899999999998975,0.0,0.067,-2.1185933823858884E-4,-2.74502936911021,260.34377633321566,
6.899999999999897,0.0,0.067,-1.6572990496538788E-4,-2.7450310264092597,260.31632602295156,
6.909999999999897,0.0,0.067,-1.2289394740655905E-4,-2.745032255348734,260.2888757003981,
6.919999999999897,0.0,0.067,-8.311634981267882E-5,-2.745033086512232,260.26142536953296,
6.929999999999897,0.0,0.067,-4.6178778782637415E-5,-2.74503354830002,260.23397503404993,
6.9399999999998965,0.0,0.067,-1.1878485598123063E-5,-2.745033667084876,260.2065246973791,
6.949999999999896,0.0,0.067,1.997280594146442E-5,-2.7450334673568166,260.17907436270553,
6.959999999999896,0.0,0.067,4.9549932382692087E-5,-2.745032971857493,260.15162403298694,
6.969999999999896,0.0,0.067,7.701524981598912E-5,-2.7450322017049946,260.1241737109699,
6.979999999999896,0.0,0.067,1.0251952459266607E-4,-2.7450311765097486,260.0967233992048,
6.989999999999895,0.0,0.067,1.2620276053220582E-4,-2.745029914482143,260.06927310005995,
6.999999999999895,0.0,0.067,1.4819496707563218E-4,-2.7450284325324725,260.04182281573463,
7.009999999999895,0.0,0.067,1.6861687267339908E-4,-2.7450267463637457,260.014372548271,
7.019999999999895,0.0,0.067,1.8758058718918762E-4,-2.7450248705578737,259.98692229956544,
7.0299999999998946,0.0,0.067,2.0519021713413755E-4,-2.7450228186557024,259.95947207137885,
7.039999999999894,0.0,0.067,2.2154243692464813E-4,-2.745020603231333,259.93202186534654,
7.049999999999894,0.0,0.067,2.3672701937345184E-4,-2.7450182359611395,259.90457168298695,
7.059999999999894,0.0,0.067,2.508273283751089E-4,-2.7450157276878557,259.8771215257101,
7.069999999999894,0.0,0.067,2.6392077639246064E-4,-2.745013088480092,259.8496713948253,
7.0799999999998935,0.0,0.067,2.76079249271042E-4,-2.745010327687599,259.82222129154843,
7.089999999999893,0.0,0.067,2.87369500769261E-4,-2.7450074539925913,259.79477121700853,
7.099999999999893,0.0,0.067,2.9785351893531144E-4,-2.745004475457402,259.76732117225396,
7.109999999999893,0.0,0.067,3.075888662944205E-4,-2.7450013995687392,259.73987115825827,
7.119999999999893,0.0,0.067,3.1662899578186696E-4,-2.7449982332787815,259.7124211759255,
7.129999999999892,0.0,0.067,3.250235441285289E-4,-2.74499498304334,259.68497122609506,
7.139999999999892,0.0,0.067,3.328186042698448E-4,-2.7449916548572975,259.6575213095465,
7.149999999999892,0.0,0.067,3.400569783822117E-4,-2.7449882542875135,259.6300714270036,
7.159999999999892,0.0,0.067,3.467784127564653E-4,-2.744984786503386,259.60262157913854,
7.169999999999892,0.0,0.067,3.5301981600641586E-4,-2.744981256305226,259.57517176657547,
7.179999999999891,0.0,0.067,3.5881546163152474E-4,-2.74497766815061,259.54772198989394,
7.189999999999891,0.0,0.067,3.641971761234829E-4,-2.744974026178849,259.52027224963217,
7.199999999999891,0.0,0.067,3.691945137153146E-4,-2.7449703342337117,259.49282254628986,
7.209999999999891,0.0,0.067,3.738349185551348E-4,-2.744966595884526,259.465372880331,
7.2199999999998905,0.0,0.067,3.7814387537169874E-4,-2.7449628144457723,259.4379232521866,
7.22999999999989,0.0,0.067,3.821450493625029E-4,-2.7449589929952785,259.4104736622566,
7.23999999999989,0.0,0.067,3.8586041611142046E-4,-2.7449551343911174,259.3830241109127,
7.24999999999989,0.0,0.067,3.8931038218046395E-4,-2.7449512412872954,259.3555745984998,
7.25999999999989,0.0,0.067,3.9251389716277174E-4,-2.7449473161483238,259.3281251253383,
7.269999999999889,0.0,0.067,3.954885576939352E-4,-2.744943361262747,259.3006756917257,
7.279999999999889,0.0,0.067,3.982507040380878E-4,-2.7449393787557064,259.27322629793815,
7.289999999999889,0.0,0.067,4.008155097972397E-4,-2.7449353706006083,259.24577694423215,
7.299999999999889,0.0,0.067,4.031970651962317E-4,-2.7449313386299563,259.21832763084586,
7.309999999999889,0.0,0.067,4.0540845445699537E-4,-2.744927284545412,259.1908783580004,
7.319999999999888,0.0,0.067,4.074618275703285E-4,-2.744923209927136,259.16342912590113,
7.329999999999888,0.0,0.067,4.0936846705841133E-4,-2.7449191162424653,259.1359799347387,
7.339999999999888,0.0,0.067,4.1113884986394036E-4,-2.7449150048539668,259.1085307846902,
7.349999999999888,0.0,0.067,4.1278270489945016E-4,-2.7449108770269177,259.0810816759199,
7.3599999999998875,0.0,0.067,4.1430906641590004E-4,-2.7449067339362534,259.05363260858053,
7.369999999999887,0.0,0.067,4.1572632364455657E-4,-2.744902576673017,259.0261835828138,
7.379999999999887,0.0,0.067,4.1704226681159534E-4,-2.744898406250349,258.9987345987513,
7.389999999999887,0.0,0.067,4.182641299297418E-4,-2.74489422360905,258.9712856565152,
7.399999999999887,0.0,0.067,4.1939863049123005E-4,-2.744890029622745,258.94383675621896,
7.4099999999998865,0.0,0.067,4.204520063769187E-4,-2.7448858251026813,258.9163878979679,
7.419999999999886,0.0,0.067,4.2143005006607356E-4,-2.7448816108021807,258.8889390818599,
7.429999999999886,0.0,0.067,4.2233814044674264E-4,-2.744877387420776,258.8614903079857,
7.439999999999886,0.0,0.067,4.2318127236757344E-4,-2.7448731556080523,258.8340415764296,
7.449999999999886,0.0,0.067,4.2396408402883747E-4,-2.744868915967212,258.80659288726997,
7.459999999999885,0.0,0.067,4.2469088246122055E-4,-2.7448646690583876,258.7791442405794,
7.469999999999885,0.0,0.067,4.253656671669445E-4,-2.7448604154017158,258.7516956364254,
7.479999999999885,0.0,0.067,4.2599215208561297E-4,-2.744856155480195,258.72424707487056,
7.489999999999885,0.0,0.067,4.2657378596928935E-4,-2.744851889742335,258.69679855597315,
7.4999999999998845,0.0,0.067,4.271137713275413E-4,-2.744847618604622,258.6693500797871,
7.509999999999884,0.0,0.067,4.276150820103908E-4,-2.7448433424538017,258.64190164636256,
7.519999999999884,0.0,0.067,4.2808047951202195E-4,-2.7448390616490066,258.61445325574607,
7.529999999999884,0.0,0.067,4.2851252817586565E-4,-2.744834776523725,258.5870049079808,
7.539999999999884,0.0,0.067,4.289136092198645E-4,-2.744830487387633,258.55955660310696,
7.5499999999998835,0.0,0.067,4.2928593385367495E-4,-2.744826194528294,258.5321083411617,
7.559999999999883,0.0,0.067,4.296315554115823E-4,-2.74482189821274,258.5046601221796,
7.569999999999883,0.0,0.067,4.299523805872951E-4,-2.7448175986889343,258.4772119461927,
7.579999999999883,0.0,0.067,4.3025017994957946E-4,-2.744813296187135,258.44976381323085,
7.589999999999883,0.0,0.067,4.30526597644283E-4,-2.7448089909211584,258.4223157233216,
7.599999999999882,0.0,0.067,4.3078316041531126E-4,-2.744804683089554,258.3948676764907,
7.609999999999882,0.0,0.067,4.3102128599592504E-4,-2.744800372876694,258.36741967276197,
7.619999999999882,0.0,0.067,4.312422908869298E-4,-2.744796060453785,258.3399717121574,
7.629999999999882,0.0,0.067,4.314473975830678E-4,-2.7447917459798092,258.3125237946976,
7.6399999999998816,0.0,0.067,4.316377413039523E-4,-2.7447874296023964,258.2850759204016,
7.649999999999881,0.0,0.067,4.318143761947458E-4,-2.7447831114586343,258.257628089287,
7.659999999999881,0.0,0.067,4.319782811308039E-4,-2.744778791675823,258.23018030137024,
7.669999999999881,0.0,0.067,4.321303651097135E-4,-2.744774470372172,258.2027325566665,
7.679999999999881,0.0,0.067,4.322714722008992E-4,-2.7447701476574498,258.17528485518994,
7.6899999999998805,0.0,0.067,4.324023862151884E-4,-2.7447658236335877,258.1478371969536,
7.69999999999988,0.0,0.067,4.3252383500485354E-4,-2.7447614983952375,258.1203895819697,
7.70999999999988,0.0,0.067,4.326364944339029E-4,-2.744757172030293,258.0929420102494,
7.71999999999988,0.0,0.067,4.327409921163835E-4,-2.744752844620372,258.06549448180317,
7.72999999999988,0.0,0.067,4.328379108481301E-4,-2.7447485162412635,258.03804699664073,
7.739999999999879,0.0,0.067,4.329277918148127E-4,-2.7447441869633455,258.0105995547711,
7.749999999999879,0.0,0.067,4.33011137558055E-4,-2.74473985685197,257.98315215620255,
7.759999999999879,0.0,0.067,4.3308841473773524E-4,-2.7447355259678226,257.9557048009429,
7.769999999999879,0.0,0.067,4.331600566705857E-4,-2.744731194367256,257.92825748899924,
7.779999999999879,0.0,0.067,4.332264657693696E-4,-2.744726862102598,257.9008102203782,
7.789999999999878,0.0,0.067,4.3328801568710265E-4,-2.7447225292224413,257.873362995086,
7.799999999999878,0.0,0.067,4.333450533983069E-4,-2.7447181957719073,257.8459158131283,
7.809999999999878,0.0,0.067,4.333979011162168E-4,-2.744713861792896,257.81846867451037,
7.819999999999878,0.0,0.067,4.3344685802771006E-4,-2.744709527324316,257.7910215792371,
7.8299999999998775,0.0,0.067,4.334922019685841E-4,-2.7447051924022965,257.7635745273131,
7.839999999999877,0.0,0.067,4.3353419092650005E-4,-2.744700857060387,257.7361275187425,
7.849999999999877,0.0,0.067,4.335730644793013E-4,-2.7446965213297423,257.7086805535292,
7.859999999999877,0.0,0.067,4.336090450825411E-4,-2.7446921852392916,257.6812336316768,
7.869999999999877,0.0,0.067,4.3364233932221153E-4,-2.7446878488158983,257.6537867531886,
7.879999999999876,0.0,0.067,4.336731390183384E-4,-2.7446835120845083,257.6263399180678,
7.889999999999876,0.0,0.067,4.337016223169768E-4,-2.7446791750682853,257.59889312631714,
7.899999999999876,0.0,0.067,4.337279546115306E-4,-2.744674837788739,257.57144637793925,
7.909999999999876,0.0,0.067,4.337522895005267E-4,-2.744670500265844,257.5439996729366,
7.919999999999876,0.0,0.067,4.3377476962773914E-4,-2.744666162518148,257.51655301131143,
7.929999999999875,0.0,0.067,4.337955274344896E-4,-2.7446618245628733,257.4891063930658,
7.939999999999875,0.0,0.067,4.338146859102904E-4,-2.7446574864160143,257.46165981820167,
7.949999999999875,0.0,0.067,4.3383235925235057E-4,-2.744653148092422,257.43421328672076,
7.959999999999875,0.0,0.067,4.338486535217669E-4,-2.7446488096058865,257.4067667986247,
7.9699999999998745,0.0,0.067,4.338636671920076E-4,-2.744644470969215,257.379320353915,
7.979999999999874,0.0,0.067,4.3387749172225123E-4,-2.7446401321942977,257.35187395259305,
7.989999999999874,0.0,0.067,4.338902120130752E-4,-2.7446357932921774,257.3244275946601,
7.999999999999874,0.0,0.067,4.3390190692179823E-4,-2.744631454273108,257.2969812801174,
8.009999999999874,0.0,0.067,4.339126496717714E-4,-2.7446271151466113,257.26953500896593,
8.019999999999873,0.0,0.067,4.339225082616694E-4,-2.7446227759215285,257.2420887812067,
8.029999999999873,0.0,0.067,4.339315458217561E-4,-2.7446184366060704,257.21464259684063,
8.039999999999873,0.0,0.067,4.339398209883777E-4,-2.7446140972078603,257.18719645586856,
8.049999999999873,0.0,0.067,4.339473881956034E-4,-2.7446097577339783,257.1597503582912,
8.059999999999873,0.0,0.067,4.3395429800663517E-4,-2.7446054181909982,257.1323043041093,
8.069999999999872,0.0,0.067,4.3396059736070837E-4,-2.7446010785850246,257.10485829332345,
8.079999999999872,0.0,0.067,4.3396632986307505E-4,-2.744596738921726,257.07741232593423,
8.089999999999872,0.0,0.067,4.3397153598219294E-4,-2.744592399206366,257.0499664019422,
8.099999999999872,0.0,0.067,4.3397625330988227E-4,-2.744588059443833,257.02252052134776,
8.109999999999872,0.0,0.067,4.339805167535434E-4,-2.7445837196386655,256.99507468415135,
8.119999999999871,0.0,0.067,4.339843587217463E-4,-2.7445793797950784,256.9676288903534,
8.129999999999871,0.0,0.067,4.339878093280479E-4,-2.744575039916985,256.94018313995423,
8.139999999999871,0.0,0.067,4.3399089649869964E-4,-2.74457070000802,256.91273743295415,
8.14999999999987,0.0,0.067,4.33993646198007E-4,-2.744566360071558,256.88529176935344,
8.15999999999987,0.0,0.067,4.33996082529409E-4,-2.744562020110733,256.85784614915235,
8.16999999999987,0.0,0.067,4.3399822786969913E-4,-2.744557680128454,256.83040057235104,
8.17999999999987,0.0,0.067,4.3400010298667624E-4,-2.7445533401274242,256.8029550389498,
8.18999999999987,0.0,0.067,4.340017271949069E-4,-2.7445490001101525,256.77550954894866,
8.19999999999987,0.0,0.067,4.340031184120649E-4,-2.7445446600789682,256.7480641023479,
8.20999999999987,0.0,0.067,4.34004293263326E-4,-2.7445403200360357,256.7206186991475,
8.21999999999987,0.0,0.067,4.34005267212274E-4,-2.7445359799833637,256.69317333934765,
8.229999999999869,0.0,0.067,4.340060546039847E-4,-2.7445316399228177,256.66572802294843,
8.239999999999869,0.0,0.067,4.340066687611344E-4,-2.74452729985613,256.6382827499499,
8.249999999999869,0.0,0.067,4.340071220502819E-4,-2.7445229597849092,256.61083752035205,
8.259999999999868,0.0,0.067,4.3400742596803524E-4,-2.7445186197106497,256.58339233415495,
8.269999999999868,0.0,0.067,4.3400759117087834E-4,-2.744514279634738,256.5559471913586,
8.279999999999868,0.0,0.067,4.3400762757956534E-4,-2.7445099395584625,256.528502091963,
8.289999999999868,0.0,0.067,4.340075443840916E-4,-2.7445055994830185,256.5010570359682,
8.299999999999867,0.0,0.067,4.3400735013317444E-4,-2.744501259409517,256.4736120233741,
8.309999999999867,0.0,0.067,4.340070527425383E-4,-2.7444969193389896,256.4461670541807,
8.319999999999867,0.0,0.067,4.340066595943377E-4,-2.7444925792723938,256.41872212838797,
8.329999999999867,0.0,0.067,4.340061775189299E-4,-2.7444882392106185,256.39127724599587,
8.339999999999867,0.0,0.067,4.340056128710989E-4,-2.7444838991544898,256.36383240700434,
8.349999999999866,0.0,0.067,4.3400497155325434E-4,-2.744479559104774,256.3363876114133,
8.359999999999866,0.0,0.067,4.340042590303447E-4,-2.744475219062184,256.30894285922267,
8.369999999999866,0.0,0.067,4.3400348039613945E-4,-2.74447087902738,256.2814981504324,
8.379999999999866,0.0,0.067,4.3400264036825805E-4,-2.7444665390009764,256.2540534850424,
8.389999999999866,0.0,0.067,4.3400174333456696E-4,-2.744462198983543,256.22660886305255,
8.399999999999865,0.0,0.067,4.3400079336312214E-4,-2.7444578589756095,256.19916428446277,
8.409999999999865,0.0,0.067,4.339997942402813E-4,-2.744453518977667,256.171719749273,
8.419999999999865,0.0,0.067,4.339987494740178E-4,-2.7444491789901724,256.1442752574831,
8.429999999999865,0.0,0.067,4.3399766232043335E-4,-2.744444839013549,256.11683080909296,
8.439999999999864,0.0,0.067,4.339965358152424E-4,-2.7444404990481908,256.08938640410247,
8.449999999999864,0.0,0.067,4.3399537276382936E-4,-2.7444361590944633,256.06194204251153,
8.459999999999864,0.0,0.067,4.3399417578267503E-4,-2.7444318191527053,256.03449772432003,
8.469999999999864,0.0,0.067,4.3399294728941435E-4,-2.7444274792232326,256.0070534495278,
8.479999999999864,0.0,0.067,4.3399168953266317E-4,-2.7444231393063374,255.97960921813473,
8.489999999999863,0.0,0.067,4.3399040461687417E-4,-2.744418799402291,255.9521650301407,
8.499999999999863,0.0,0.067,4.339890944675385E-4,-2.744414459511346,255.92472088554558,
8.509999999999863,0.0,0.067,4.339877608924971E-4,-2.7444101196337374,255.89727678434926,
8.519999999999863,0.0,0.067,4.339864055637126E-4,-2.7444057797696817,255.86983272655155,
8.529999999999863,0.0,0.067,4.339850300437824E-4,-2.7444014399193812,255.84238871215237,
8.539999999999862,0.0,0.067,4.3398363576439727E-4,-2.7443971000830234,255.81494474115155,
8.549999999999862,0.0,0.067,4.3398222407108115E-4,-2.7443927602607827,255.78750081354895,
8.559999999999862,0.0,0.067,4.33980796208278E-4,-2.744388420452821,255.76005692934442,
8.569999999999862,0.0,0.067,4.339793533342654E-4,-2.7443840806592874,255.73261308853782,
8.579999999999862,0.0,0.067,4.3397789651121183E-4,-2.7443797408803223,255.705169291129,
8.589999999999861,0.0,0.067,4.339764267432892E-4,-2.744375401116055,255.67772553711785,
8.599999999999861,0.0,0.067,4.339749449650733E-4,-2.7443710613666052,255.6502818265042,
8.60999999999986,0.0,0.067,4.3397345201503113E-4,-2.744366721632085,255.62283815928788,
8.61999999999986,0.0,0.067,4.339719487067738E-4,-2.744362381912598,255.59539453546876,
8.62999999999986,0.0,0.067,4.339704357793454E-4,-2.7443580422082405,255.56795095504668,
8.63999999999986,0.0,0.067,4.33968913912136E-4,-2.7443537025191014,255.5405074180215,
8.64999999999986,0.0,0.067,4.33967383754709E-4,-2.7443493628452638,255.51306392439304,
8.65999999999986,0.0,0.067,4.3396584588868876E-4,-2.744345023186805,255.48562047416118,
8.66999999999986,0.0,0.067,4.3396430087084376E-4,-2.7443406835437965,255.45817706732575,
8.67999999999986,0.0,0.067,4.3396274921320225E-4,-2.7443363439163044,255.43073370388657,
8.68999999999986,0.0,0.067,4.339611913979656E-4,-2.7443320043043906,255.40329038384354,
8.699999999999859,0.0,0.067,4.3395962785265245E-4,-2.7443276647081123,255.37584710719645,
8.709999999999859,0.0,0.067,4.339580589915252E-4,-2.7443233251275223,255.3484038739452,
8.719999999999859,0.0,0.067,4.339564851940481E-4,-2.7443189855626704,255.32096068408956,
8.729999999999858,0.0,0.067,4.3395490681814386E-4,-2.7443146460136023,255.2935175376294,
8.739999999999858,0.0,0.067,4.33953324186937E-4,-2.7443103064803602,255.26607443456462,
8.749999999999858,0.0,0.067,4.339517376069817E-4,-2.744305966962984,255.238631374895,
8.759999999999858,0.0,0.067,4.3395014736163337E-4,-2.7443016274615104,255.21118835862038,
8.769999999999857,0.0,0.067,4.339485537093917E-4,-2.7442972879759733,255.18374538574062,
8.779999999999857,0.0,0.067,4.33946956897157E-4,-2.7442929485064043,255.15630245625556,
8.789999999999857,0.0,0.067,4.3394535715194504E-4,-2.7442886090528327,255.12885957016502,
8.799999999999857,0.0,0.067,4.339437546875153E-4,-2.7442842696152856,255.10141672746886,
8.809999999999857,0.0,0.067,4.339421496878E-4,-2.744279930193789,255.0739739281669,
8.819999999999856,0.0,0.067,4.339405423450171E-4,-2.7442755907883654,255.04653117225902,
8.829999999999856,0.0,0.067,4.3393893282652846E-4,-2.744271251399037,255.01908845974503,
8.839999999999856,0.0,0.067,4.3393732128146857E-4,-2.7442669120258243,254.99164579062477,
8.849999999999856,0.0,0.067,4.3393570786394296E-4,-2.7442625726687457,254.9642031648981,
8.859999999999856,0.0,0.067,4.3393409270154443E-4,-2.7442582333278187,254.93676058256483,
8.869999999999855,0.0,0.067,4.3393247592352286E-4,-2.7442538940030596,254.9093180436248,
8.879999999999855,0.0,0.067,4.3393085763592936E-4,-2.744249554694483,254.88187554807786,
8.889999999999855,0.0,0.067,4.3392923796304266E-4,-2.7442452154021035,254.85443309592384,
8.899999999999855,0.0,0.067,4.339276169960005E-4,-2.7442408761259336,254.82699068716258,
8.909999999999854,0.0,0.067,4.339259948292546E-4,-2.7442365368659853,254.7995483217939,
8.919999999999854,0.0,0.067,4.339243715473146E-4,-2.74423219762227,254.77210599981768,
8.929999999999854,0.0,0.067,4.339227472313758E-4,-2.7442278583947974,254.74466372123374,
8.939999999999854,0.0,0.067,4.339211219593195E-4,-2.7442235191835778,254.7172214860419,
8.949999999999854,0.0,0.067,4.339194957941137E-4,-2.7442191799886198,254.68977929424202,
8.959999999999853,0.0,0.067,4.3391786880369736E-4,-2.744214840809932,254.6623371458339,
8.969999999999853,0.0,0.067,4.339162410493813E-4,-2.7442105016475216,254.63489504081744,
8.979999999999853,0.0,0.067,4.3391461258584813E-4,-2.7442061625013956,254.60745297919243,
8.989999999999853,0.0,0.067,4.339129834644664E-4,-2.744201823371561,254.5800109609587,
8.999999999999853,0.0,0.067,4.3391135372831935E-4,-2.7441974842580237,254.5525689861161,
9.009999999999852,0.0,0.067,4.3390972342214734E-4,-2.7441931451607893,254.5251270546645,
9.019999999999852,0.0,0.067,4.339080925973189E-4,-2.744188806079863,254.4976851666037,
9.029999999999852,0.0,0.067,4.3390646127868985E-4,-2.74418446701525,254.47024332193354,
9.039999999999852,0.0,0.067,4.339048295143145E-4,-2.744180127966955,254.44280152065386,
9.049999999999851,0.0,0.067,4.339031973224204E-4,-2.7441757889349816,254.4153597627645,
9.059999999999851,0.0,0.067,4.33901564749405E-4,-2.744171449919334,254.3879180482653,
9.069999999999851,0.0,0.067,4.3389993181680987E-4,-2.744167110920016,254.36047637715612,
9.07999999999985,0.0,0.067,4.3389829855114783E-4,-2.7441627719370305,254.33303474943673,
9.08999999999985,0.0,0.067,4.338966649756176E-4,-2.7441584329703805,254.30559316510704,
9.09999999999985,0.0,0.067,4.338950311150749E-4,-2.7441540940200695,254.27815162416684,
9.10999999999985,0.0,0.067,4.338933969860902E-4,-2.7441497550860996,254.25071012661599,
9.11999999999985,0.0,0.067,4.338917626085481E-4,-2.7441454161684735,254.2232686724543,
9.12999999999985,0.0,0.067,4.338901280122755E-4,-2.7441410772671935,254.19582726168164,
9.13999999999985,0.0,0.067,4.338884931972724E-4,-2.7441367383822617,254.1683858942978,
9.14999999999985,0.0,0.067,4.338868581950227E-4,-2.74413239951368,254.14094457030268,
9.15999999999985,0.0,0.067,4.3388522301215465E-4,-2.74412806066145,254.11350328969607,
9.169999999999849,0.0,0.067,4.3388358765861055E-4,-2.744123721825573,254.0860620524778,
9.179999999999849,0.0,0.067,4.33881952155932E-4,-2.7441193830060517,254.05862085864774,
9.189999999999849,0.0,0.067,4.338803165107472E-4,-2.7441150442028865,254.0311797082057,
9.199999999999848,0.0,0.067,4.3387868072968433E-4,-2.7441107054160794,254.00373860115155,
9.209999999999848,0.0,0.067,4.33877044830971E-4,-2.744106366645631,253.9762975374851,
9.219999999999848,0.0,0.067,4.3387540881295014E-4,-2.744102027891543,253.94885651720617,
9.229999999999848,0.0,0.067,4.338737727037915E-4,-2.7440976891538162,253.92141554031463,
9.239999999999847,0.0,0.067,4.338721364902388E-4,-2.7440933504324514,253.8939746068103,
9.249999999999847,0.0,0.067,4.338705001988048E-4,-2.7440890117274495,253.86653371669303,
9.259999999999847,0.0,0.067,4.338688638178901E-4,-2.7440846730388113,253.83909286996263,
9.269999999999847,0.0,0.067,4.338672273657223E-4,-2.744080334366538,253.81165206661896,
9.279999999999847,0.0,0.067,4.3386559084561546E-4,-2.7440759957106295,253.78421130666186,
9.289999999999846,0.0,0.067,4.3386395426088373E-4,-2.744071657071087,253.75677059009115,
9.299999999999846,0.0,0.067,4.338623176181553E-4,-2.7440673184479105,253.72932991690666,
9.309999999999846,0.0,0.067,4.338606809224012E-4,-2.744062979841101,253.70188928710826,
9.319999999999846,0.0,0.067,4.3385904418356385E-4,-2.744058641250659,253.67444870069576,
9.329999999999846,0.0,0.067,4.338574073950151E-4,-2.7440543026765853,253.647008157669,
9.339999999999845,0.0,0.067,4.338557705716682E-4,-2.74404996411888,253.61956765802782,
9.349999999999845,0.0,0.067,4.338541337068951E-4,-2.744045625577543,253.59212720177203,
9.359999999999845,0.0,0.067,4.338524968089811E-4,-2.7440412870525748,253.5646867889015,
9.369999999999845,0.0,0.067,4.338508598862113E-4,-2.7440369485439757,253.53724641941605,
9.379999999999844,0.0,0.067,4.3384922292698637E-4,-2.7440326100517463,253.50980609331555,
9.389999999999844,0.0,0.067,4.338475859478769E-4,-2.744028271575887,253.4823658105998,
9.399999999999844,0.0,0.067,4.3384594894556875E-4,-2.7440239331163974,253.45492557126863,
9.409999999999844,0.0,0.067,4.338443119283471E-4,-2.744019594673278,253.4274853753219,
9.419999999999844,0.0,0.067,4.3384267488792683E-4,-2.744015256246529,253.40004522275945,
9.429999999999843,0.0,0.067,4.338410378259649E-4,-2.744010917836151,253.37260511358107,
9.439999999999843,0.0,0.067,4.338394007590318E-4,-2.7440065794421433,253.34516504778665,
9.449999999999843,0.0,0.067,4.3383776368215637E-4,-2.7440022410645066,253.317725025376,
9.459999999999843,0.0,0.067,4.3383612658871054E-4,-2.743997902703241,253.29028504634897,
9.469999999999843,0.0,0.067,4.3383448949526466E-4,-2.743993564358346,253.2628451107054,
9.479999999999842,0.0,0.067,4.338328523835912E-4,-2.743989226029822,253.2354052184451,
9.489999999999842,0.0,0.067,4.338312152652896E-4,-2.7439848877176694,253.20796536956792,
9.499999999999842,0.0,0.067,4.338295781453309E-4,-2.743980549421888,253.1805255640737,
9.509999999999842,0.0,0.067,4.33827941017087E-4,-2.7439762111424777,253.15308580196228,
9.519999999999841,0.0,0.067,4.3382630388718603E-4,-2.7439718728794387,253.12564608323348,
9.529999999999841,0.0,0.067,4.338246667523139E-4,-2.743967534632771,253.09820640788715,
9.539999999999841,0.0,0.067,4.33823029622413E-4,-2.7439631964024747,253.07076677592312,
9.54999999999984,0.0,0.067,4.3382139249085495E-4,-2.7439588581885497,253.04332718734122,
9.55999999999984,0.0,0.067,4.3381975535266876E-4,-2.743954519990996,253.0158876421413,
9.56999999999984,0.0,0.067,4.3381811822276777E-4,-2.7439501818098138,252.98844814032321,
9.57999999999984,0.0,0.067,4.338164810862386E-4,-2.743945843645003,252.96100868188677,
9.58999999999984,0.0,0.067,4.338148439563376E-4,-2.7439415054965632,252.9335692668318,
9.59999999999984,0.0,0.067,4.338132068314078E-4,-2.743937167364495,252.90612989515816,
9.60999999999984,0.0,0.067,4.338115697081351E-4,-2.743932829248798,252.87869056686566,
9.61999999999984,0.0,0.067,4.338099325881764E-4,-2.743928491149472,252.85125128195415,
9.62999999999984,0.0,0.067,4.3380829546821775E-4,-2.7439241530665175,252.8238120404235,
9.639999999999839,0.0,0.067,4.3380665835820136E-4,-2.7439198149999338,252.79637284227348,
9.649999999999839,0.0,0.067,4.338050212465279E-4,-2.7439154769497214,252.768933687504,
9.659999999999838,0.0,0.067,4.3380338414479683E-4,-2.74391113891588,252.74149457611483,
9.669999999999838,0.0,0.067,4.3380174704472273E-4,-2.7439068008984093,252.71405550810584,
9.679999999999838,0.0,0.067,4.33800109954591E-4,-2.7439024628973097,252.68661648347688,
9.689999999999838,0.0,0.067,4.337984728710874E-4,-2.743898124912581,252.65917750222775,
9.699999999999838,0.0,0.067,4.337968357875838E-4,-2.743893786944223,252.6317385643583,
9.709999999999837,0.0,0.067,4.337951987173366E-4,-2.743889448992236,252.60429966986837,
9.719999999999837,0.0,0.067,4.3379356165206055E-4,-2.7438851110566196,252.5768608187578,
9.729999999999837,0.0,0.067,4.3379192459838385E-4,-2.7438807731373736,252.54942201102642,
9.739999999999837,0.0,0.067,4.3379028754139307E-4,-2.743876435234498,252.52198324667407,
9.749999999999837,0.0,0.067,4.3378865049434453E-4,-2.743872097347993,252.49454452570058,
9.759999999999836,0.0,0.067,4.337870134555813E-4,-2.743867759477858,252.4671058481058,
9.769999999999836,0.0,0.067,4.337853764267603E-4,-2.743863421624094,252.43966721388955,
9.779999999999836,0.0,0.067,4.3378373940622465E-4,-2.7438590837867,252.41222862305167,
9.789999999999836,0.0,0.067,4.337821023956312E-4,-2.7438547459656757,252.384790075592,
9.799999999999836,0.0,0.067,4.337804653866949E-4,-2.743850408161022,252.3573515715104,
9.809999999999835,0.0,0.067,4.3377882839267196E-4,-2.743846070372738,252.32991311080667,
9.819999999999835,0.0,0.067,4.3377719140362016E-4,-2.7438417326008238,252.30247469348066,
9.829999999999835,0.0,0.067,4.337755544228536E-4,-2.7438373948452797,252.2750363195322,
9.839999999999835,0.0,0.067,4.3377391745037233E-4,-2.743833057106105,252.24759798896113,
9.849999999999834,0.0,0.067,4.337722804911475E-4,-2.7438287193833,252.2201597017673,
9.859999999999834,0.0,0.067,4.337706435335796E-4,-2.743824381676865,252.19272145795054,
9.869999999999834,0.0,0.067,4.337690065876111E-4,-2.743820043986799,252.16528325751068,
9.879999999999834,0.0,0.067,4.337673696499279E-4,-2.7438157063131023,252.13784510044755,
9.889999999999834,0.0,0.067,4.337657327221869E-4,-2.7438113686557752,252.11040698676098,
9.899999999999833,0.0,0.067,4.337640958027312E-4,-2.7438070310148173,252.08296891645082,
9.909999999999833,0.0,0.067,4.3376245889321783E-4,-2.7438026933902284,252.05553088951692,
9.919999999999833,0.0,0.067,4.3376082199198966E-4,-2.7437983557820087,252.02809290595908,
9.929999999999833,0.0,0.067,4.3375918510898904E-4,-2.7437940181901577,252.0006549657772,
9.939999999999833,0.0,0.067,4.337575482243314E-4,-2.7437896806146753,251.97321706897105,
9.949999999999832,0.0,0.067,4.337559113463019E-4,-2.7437853430555617,251.94577921554048,
9.959999999999832,0.0,0.067,4.3375427448318586E-4,-2.7437810055128167,251.91834140548536,
9.969999999999832,0.0,0.067,4.3375263762669805E-4,-2.7437766679864404,251.8909036388055,
9.979999999999832,0.0,0.067,4.3375100078180953E-4,-2.7437723304764328,251.86346591550074,
9.989999999999831,0.0,0.067,4.337493639485204E-4,-2.7437679929827934,251.83602823557092,
9.999999999999831,0.0,0.067,4.337477271268306E-4,-2.7437636555055223,251.80859059901587,
10.009999999999831,0.0,0.067,4.3374609030679784E-4,-2.7437593180446194,251.78115300583542,
